path,line,signature
pandas/core/arrays/datetimelike.py,2,
pandas/core/arrays/datetimelike.py,3,
pandas/core/arrays/datetimelike.py,4,
pandas/core/arrays/datetimelike.py,8,
pandas/core/arrays/datetimelike.py,9,
pandas/core/arrays/datetimelike.py,10,
pandas/core/arrays/datetimelike.py,11,
pandas/core/arrays/datetimelike.py,12,
pandas/core/arrays/datetimelike.py,13,
pandas/core/arrays/datetimelike.py,14,
pandas/core/arrays/datetimelike.py,16,
pandas/core/arrays/datetimelike.py,17,
pandas/core/arrays/datetimelike.py,18,
pandas/core/arrays/datetimelike.py,21,
pandas/core/arrays/datetimelike.py,23,
pandas/core/arrays/datetimelike.py,24,
pandas/core/arrays/datetimelike.py,25,
pandas/core/arrays/datetimelike.py,27,
pandas/core/arrays/datetimelike.py,28,
pandas/core/arrays/datetimelike.py,32,
pandas/core/arrays/datetimelike.py,34,
pandas/core/arrays/datetimelike.py,35,
pandas/core/arrays/datetimelike.py,37,
pandas/core/arrays/datetimelike.py,38,
pandas/core/arrays/datetimelike.py,39,
pandas/core/arrays/datetimelike.py,40,
pandas/core/arrays/datetimelike.py,41,
pandas/core/arrays/datetimelike.py,42,
pandas/core/arrays/datetimelike.py,43,
pandas/core/arrays/datetimelike.py,44,
pandas/core/arrays/datetimelike.py,45,
pandas/core/arrays/datetimelike.py,46,
pandas/core/arrays/datetimelike.py,47,
pandas/core/arrays/datetimelike.py,48,
pandas/core/arrays/datetimelike.py,49,
pandas/core/arrays/datetimelike.py,50,
pandas/core/arrays/datetimelike.py,51,
pandas/core/arrays/datetimelike.py,52,
pandas/core/arrays/datetimelike.py,53,
pandas/core/arrays/datetimelike.py,54,
pandas/core/arrays/datetimelike.py,55,
pandas/core/arrays/datetimelike.py,56,"pandas.core.arrays.datetimelike$_datetimelike_array_cmp(cls,op)"
pandas/core/arrays/datetimelike.py,57,"pandas.core.arrays.datetimelike$_datetimelike_array_cmp(cls,op)"
pandas/core/arrays/datetimelike.py,58,"pandas.core.arrays.datetimelike$_datetimelike_array_cmp(cls,op)"
pandas/core/arrays/datetimelike.py,59,"pandas.core.arrays.datetimelike$_datetimelike_array_cmp(cls,op)"
pandas/core/arrays/datetimelike.py,60,"pandas.core.arrays.datetimelike$_datetimelike_array_cmp(cls,op)"
pandas/core/arrays/datetimelike.py,61,"pandas.core.arrays.datetimelike$_datetimelike_array_cmp(cls,op)"
pandas/core/arrays/datetimelike.py,62,"pandas.core.arrays.datetimelike$_datetimelike_array_cmp(cls,op)"
pandas/core/arrays/datetimelike.py,63,"pandas.core.arrays.datetimelike$_datetimelike_array_cmp(cls,op)"
pandas/core/arrays/datetimelike.py,64,"pandas.core.arrays.datetimelike$_datetimelike_array_cmp(cls,op)"
pandas/core/arrays/datetimelike.py,65,"pandas.core.arrays.datetimelike$_datetimelike_array_cmp(cls,op)"
pandas/core/arrays/datetimelike.py,66,"pandas.core.arrays.datetimelike$_datetimelike_array_cmp(cls,op)"
pandas/core/arrays/datetimelike.py,67,"pandas.core.arrays.datetimelike$_datetimelike_array_cmp(cls,op)"
pandas/core/arrays/datetimelike.py,68,"pandas.core.arrays.datetimelike$_datetimelike_array_cmp(cls,op)"
pandas/core/arrays/datetimelike.py,69,"pandas.core.arrays.datetimelike$_datetimelike_array_cmp(cls,op)"
pandas/core/arrays/datetimelike.py,70,"pandas.core.arrays.datetimelike$_datetimelike_array_cmp(cls,op)"
pandas/core/arrays/datetimelike.py,71,"pandas.core.arrays.datetimelike$_datetimelike_array_cmp(cls,op)"
pandas/core/arrays/datetimelike.py,72,"pandas.core.arrays.datetimelike$_datetimelike_array_cmp(cls,op)"
pandas/core/arrays/datetimelike.py,73,"pandas.core.arrays.datetimelike$_datetimelike_array_cmp(cls,op)"
pandas/core/arrays/datetimelike.py,74,"pandas.core.arrays.datetimelike$_datetimelike_array_cmp(cls,op)"
pandas/core/arrays/datetimelike.py,76,"pandas.core.arrays.datetimelike$_datetimelike_array_cmp(cls,op)"
pandas/core/arrays/datetimelike.py,77,"pandas.core.arrays.datetimelike$_datetimelike_array_cmp(cls,op)"
pandas/core/arrays/datetimelike.py,78,"pandas.core.arrays.datetimelike$_datetimelike_array_cmp(cls,op)"
pandas/core/arrays/datetimelike.py,80,"pandas.core.arrays.datetimelike$_datetimelike_array_cmp(cls,op)"
pandas/core/arrays/datetimelike.py,81,"pandas.core.arrays.datetimelike$_datetimelike_array_cmp(cls,op)"
pandas/core/arrays/datetimelike.py,83,"pandas.core.arrays.datetimelike$_datetimelike_array_cmp(cls,op)"
pandas/core/arrays/datetimelike.py,84,"pandas.core.arrays.datetimelike$_datetimelike_array_cmp(cls,op)"
pandas/core/arrays/datetimelike.py,86,"pandas.core.arrays.datetimelike$_datetimelike_array_cmp(cls,op)"
pandas/core/arrays/datetimelike.py,87,"pandas.core.arrays.datetimelike$_datetimelike_array_cmp(cls,op)"
pandas/core/arrays/datetimelike.py,88,"pandas.core.arrays.datetimelike$_datetimelike_array_cmp(cls,op)"
pandas/core/arrays/datetimelike.py,89,"pandas.core.arrays.datetimelike$_datetimelike_array_cmp(cls,op)"
pandas/core/arrays/datetimelike.py,91,"pandas.core.arrays.datetimelike$_datetimelike_array_cmp(cls,op)"
pandas/core/arrays/datetimelike.py,92,"pandas.core.arrays.datetimelike$_datetimelike_array_cmp(cls,op)"
pandas/core/arrays/datetimelike.py,94,"pandas.core.arrays.datetimelike$_datetimelike_array_cmp(cls,op)"
pandas/core/arrays/datetimelike.py,95,"pandas.core.arrays.datetimelike$_datetimelike_array_cmp(cls,op)"
pandas/core/arrays/datetimelike.py,97,"pandas.core.arrays.datetimelike$_datetimelike_array_cmp(cls,op)"
pandas/core/arrays/datetimelike.py,98,"pandas.core.arrays.datetimelike$_datetimelike_array_cmp(cls,op)"
pandas/core/arrays/datetimelike.py,100,"pandas.core.arrays.datetimelike$_datetimelike_array_cmp(cls,op)"
pandas/core/arrays/datetimelike.py,101,"pandas.core.arrays.datetimelike$_datetimelike_array_cmp(cls,op)"
pandas/core/arrays/datetimelike.py,102,"pandas.core.arrays.datetimelike$_datetimelike_array_cmp(cls,op)"
pandas/core/arrays/datetimelike.py,103,"pandas.core.arrays.datetimelike$_datetimelike_array_cmp(cls,op)"
pandas/core/arrays/datetimelike.py,104,"pandas.core.arrays.datetimelike$_datetimelike_array_cmp(cls,op)"
pandas/core/arrays/datetimelike.py,106,"pandas.core.arrays.datetimelike$_datetimelike_array_cmp(cls,op)"
pandas/core/arrays/datetimelike.py,108,"pandas.core.arrays.datetimelike$_datetimelike_array_cmp(cls,op)"
pandas/core/arrays/datetimelike.py,109,"pandas.core.arrays.datetimelike$_datetimelike_array_cmp(cls,op)"
pandas/core/arrays/datetimelike.py,111,"pandas.core.arrays.datetimelike$_datetimelike_array_cmp(cls,op)"
pandas/core/arrays/datetimelike.py,112,"pandas.core.arrays.datetimelike$_datetimelike_array_cmp(cls,op)"
pandas/core/arrays/datetimelike.py,113,"pandas.core.arrays.datetimelike$_datetimelike_array_cmp(cls,op)"
pandas/core/arrays/datetimelike.py,114,"pandas.core.arrays.datetimelike$_datetimelike_array_cmp(cls,op)"
pandas/core/arrays/datetimelike.py,115,"pandas.core.arrays.datetimelike$_datetimelike_array_cmp(cls,op)"
pandas/core/arrays/datetimelike.py,116,"pandas.core.arrays.datetimelike$_datetimelike_array_cmp(cls,op)"
pandas/core/arrays/datetimelike.py,117,"pandas.core.arrays.datetimelike$_datetimelike_array_cmp(cls,op)"
pandas/core/arrays/datetimelike.py,118,"pandas.core.arrays.datetimelike$_datetimelike_array_cmp(cls,op)"
pandas/core/arrays/datetimelike.py,119,"pandas.core.arrays.datetimelike$_datetimelike_array_cmp(cls,op)"
pandas/core/arrays/datetimelike.py,120,"pandas.core.arrays.datetimelike$_datetimelike_array_cmp(cls,op)"
pandas/core/arrays/datetimelike.py,121,"pandas.core.arrays.datetimelike$_datetimelike_array_cmp(cls,op)"
pandas/core/arrays/datetimelike.py,122,"pandas.core.arrays.datetimelike$_datetimelike_array_cmp(cls,op)"
pandas/core/arrays/datetimelike.py,123,"pandas.core.arrays.datetimelike$_datetimelike_array_cmp(cls,op)"
pandas/core/arrays/datetimelike.py,125,"pandas.core.arrays.datetimelike$_datetimelike_array_cmp(cls,op)"
pandas/core/arrays/datetimelike.py,126,"pandas.core.arrays.datetimelike$_datetimelike_array_cmp(cls,op)"
pandas/core/arrays/datetimelike.py,127,"pandas.core.arrays.datetimelike$_datetimelike_array_cmp(cls,op)"
pandas/core/arrays/datetimelike.py,128,"pandas.core.arrays.datetimelike$_datetimelike_array_cmp(cls,op)"
pandas/core/arrays/datetimelike.py,129,"pandas.core.arrays.datetimelike$_datetimelike_array_cmp(cls,op)"
pandas/core/arrays/datetimelike.py,131,"pandas.core.arrays.datetimelike$_datetimelike_array_cmp(cls,op)"
pandas/core/arrays/datetimelike.py,133,"pandas.core.arrays.datetimelike$_datetimelike_array_cmp(cls,op)"
pandas/core/arrays/datetimelike.py,134,"pandas.core.arrays.datetimelike$_datetimelike_array_cmp(cls,op)"
pandas/core/arrays/datetimelike.py,135,"pandas.core.arrays.datetimelike$_datetimelike_array_cmp(cls,op)"
pandas/core/arrays/datetimelike.py,137,"pandas.core.arrays.datetimelike$_datetimelike_array_cmp(cls,op)"
pandas/core/arrays/datetimelike.py,139,"pandas.core.arrays.datetimelike$_datetimelike_array_cmp(cls,op)"
pandas/core/arrays/datetimelike.py,142,
pandas/core/arrays/datetimelike.py,143,
pandas/core/arrays/datetimelike.py,145,"pandas.core.arrays.datetimelike$AttributesMixin._simple_new(cls,values,**kwargs)"
pandas/core/arrays/datetimelike.py,146,"pandas.core.arrays.datetimelike$AttributesMixin._simple_new(cls,values,**kwargs)"
pandas/core/arrays/datetimelike.py,147,"pandas.core.arrays.datetimelike$AttributesMixin._simple_new(cls,values,**kwargs)"
pandas/core/arrays/datetimelike.py,150,pandas.core.arrays.datetimelike$AttributesMixin._scalar_type(self)
pandas/core/arrays/datetimelike.py,151,pandas.core.arrays.datetimelike$AttributesMixin._scalar_type(self)
pandas/core/arrays/datetimelike.py,152,pandas.core.arrays.datetimelike$AttributesMixin._scalar_type(self)
pandas/core/arrays/datetimelike.py,154,pandas.core.arrays.datetimelike$AttributesMixin._scalar_type(self)
pandas/core/arrays/datetimelike.py,155,pandas.core.arrays.datetimelike$AttributesMixin._scalar_type(self)
pandas/core/arrays/datetimelike.py,156,pandas.core.arrays.datetimelike$AttributesMixin._scalar_type(self)
pandas/core/arrays/datetimelike.py,158,pandas.core.arrays.datetimelike$AttributesMixin._scalar_type(self)
pandas/core/arrays/datetimelike.py,159,
pandas/core/arrays/datetimelike.py,160,"pandas.core.arrays.datetimelike$AttributesMixin._scalar_from_string(self,value)"
pandas/core/arrays/datetimelike.py,161,"pandas.core.arrays.datetimelike$AttributesMixin._scalar_from_string(self,value)"
pandas/core/arrays/datetimelike.py,162,"pandas.core.arrays.datetimelike$AttributesMixin._scalar_from_string(self,value)"
pandas/core/arrays/datetimelike.py,164,"pandas.core.arrays.datetimelike$AttributesMixin._scalar_from_string(self,value)"
pandas/core/arrays/datetimelike.py,166,"pandas.core.arrays.datetimelike$AttributesMixin._scalar_from_string(self,value)"
pandas/core/arrays/datetimelike.py,167,"pandas.core.arrays.datetimelike$AttributesMixin._scalar_from_string(self,value)"
pandas/core/arrays/datetimelike.py,168,"pandas.core.arrays.datetimelike$AttributesMixin._scalar_from_string(self,value)"
pandas/core/arrays/datetimelike.py,170,"pandas.core.arrays.datetimelike$AttributesMixin._scalar_from_string(self,value)"
pandas/core/arrays/datetimelike.py,171,"pandas.core.arrays.datetimelike$AttributesMixin._scalar_from_string(self,value)"
pandas/core/arrays/datetimelike.py,172,"pandas.core.arrays.datetimelike$AttributesMixin._scalar_from_string(self,value)"
pandas/core/arrays/datetimelike.py,173,"pandas.core.arrays.datetimelike$AttributesMixin._scalar_from_string(self,value)"
pandas/core/arrays/datetimelike.py,175,"pandas.core.arrays.datetimelike$AttributesMixin._scalar_from_string(self,value)"
pandas/core/arrays/datetimelike.py,176,"pandas.core.arrays.datetimelike$AttributesMixin._scalar_from_string(self,value)"
pandas/core/arrays/datetimelike.py,177,"pandas.core.arrays.datetimelike$AttributesMixin._scalar_from_string(self,value)"
pandas/core/arrays/datetimelike.py,178,"pandas.core.arrays.datetimelike$AttributesMixin._scalar_from_string(self,value)"
pandas/core/arrays/datetimelike.py,180,"pandas.core.arrays.datetimelike$AttributesMixin._scalar_from_string(self,value)"
pandas/core/arrays/datetimelike.py,181,
pandas/core/arrays/datetimelike.py,182,"pandas.core.arrays.datetimelike$AttributesMixin._unbox_scalar(self,value)"
pandas/core/arrays/datetimelike.py,184,"pandas.core.arrays.datetimelike$AttributesMixin._unbox_scalar(self,value)"
pandas/core/arrays/datetimelike.py,186,"pandas.core.arrays.datetimelike$AttributesMixin._unbox_scalar(self,value)"
pandas/core/arrays/datetimelike.py,187,"pandas.core.arrays.datetimelike$AttributesMixin._unbox_scalar(self,value)"
pandas/core/arrays/datetimelike.py,188,"pandas.core.arrays.datetimelike$AttributesMixin._unbox_scalar(self,value)"
pandas/core/arrays/datetimelike.py,189,"pandas.core.arrays.datetimelike$AttributesMixin._unbox_scalar(self,value)"
pandas/core/arrays/datetimelike.py,190,"pandas.core.arrays.datetimelike$AttributesMixin._unbox_scalar(self,value)"
pandas/core/arrays/datetimelike.py,191,"pandas.core.arrays.datetimelike$AttributesMixin._unbox_scalar(self,value)"
pandas/core/arrays/datetimelike.py,192,"pandas.core.arrays.datetimelike$AttributesMixin._unbox_scalar(self,value)"
pandas/core/arrays/datetimelike.py,193,"pandas.core.arrays.datetimelike$AttributesMixin._unbox_scalar(self,value)"
pandas/core/arrays/datetimelike.py,194,"pandas.core.arrays.datetimelike$AttributesMixin._unbox_scalar(self,value)"
pandas/core/arrays/datetimelike.py,195,"pandas.core.arrays.datetimelike$AttributesMixin._unbox_scalar(self,value)"
pandas/core/arrays/datetimelike.py,196,"pandas.core.arrays.datetimelike$AttributesMixin._unbox_scalar(self,value)"
pandas/core/arrays/datetimelike.py,197,"pandas.core.arrays.datetimelike$AttributesMixin._unbox_scalar(self,value)"
pandas/core/arrays/datetimelike.py,198,"pandas.core.arrays.datetimelike$AttributesMixin._unbox_scalar(self,value)"
pandas/core/arrays/datetimelike.py,199,"pandas.core.arrays.datetimelike$AttributesMixin._unbox_scalar(self,value)"
pandas/core/arrays/datetimelike.py,201,"pandas.core.arrays.datetimelike$AttributesMixin._check_compatible_with(self,other,setitem)"
pandas/core/arrays/datetimelike.py,202,"pandas.core.arrays.datetimelike$AttributesMixin._check_compatible_with(self,other,setitem)"
pandas/core/arrays/datetimelike.py,203,"pandas.core.arrays.datetimelike$AttributesMixin._check_compatible_with(self,other,setitem)"
pandas/core/arrays/datetimelike.py,205,"pandas.core.arrays.datetimelike$AttributesMixin._check_compatible_with(self,other,setitem)"
pandas/core/arrays/datetimelike.py,206,"pandas.core.arrays.datetimelike$AttributesMixin._check_compatible_with(self,other,setitem)"
pandas/core/arrays/datetimelike.py,207,"pandas.core.arrays.datetimelike$AttributesMixin._check_compatible_with(self,other,setitem)"
pandas/core/arrays/datetimelike.py,208,"pandas.core.arrays.datetimelike$AttributesMixin._check_compatible_with(self,other,setitem)"
pandas/core/arrays/datetimelike.py,209,"pandas.core.arrays.datetimelike$AttributesMixin._check_compatible_with(self,other,setitem)"
pandas/core/arrays/datetimelike.py,210,"pandas.core.arrays.datetimelike$AttributesMixin._check_compatible_with(self,other,setitem)"
pandas/core/arrays/datetimelike.py,211,"pandas.core.arrays.datetimelike$AttributesMixin._check_compatible_with(self,other,setitem)"
pandas/core/arrays/datetimelike.py,212,"pandas.core.arrays.datetimelike$AttributesMixin._check_compatible_with(self,other,setitem)"
pandas/core/arrays/datetimelike.py,213,"pandas.core.arrays.datetimelike$AttributesMixin._check_compatible_with(self,other,setitem)"
pandas/core/arrays/datetimelike.py,214,"pandas.core.arrays.datetimelike$AttributesMixin._check_compatible_with(self,other,setitem)"
pandas/core/arrays/datetimelike.py,215,"pandas.core.arrays.datetimelike$AttributesMixin._check_compatible_with(self,other,setitem)"
pandas/core/arrays/datetimelike.py,216,"pandas.core.arrays.datetimelike$AttributesMixin._check_compatible_with(self,other,setitem)"
pandas/core/arrays/datetimelike.py,217,"pandas.core.arrays.datetimelike$AttributesMixin._check_compatible_with(self,other,setitem)"
pandas/core/arrays/datetimelike.py,218,"pandas.core.arrays.datetimelike$AttributesMixin._check_compatible_with(self,other,setitem)"
pandas/core/arrays/datetimelike.py,219,"pandas.core.arrays.datetimelike$AttributesMixin._check_compatible_with(self,other,setitem)"
pandas/core/arrays/datetimelike.py,220,"pandas.core.arrays.datetimelike$AttributesMixin._check_compatible_with(self,other,setitem)"
pandas/core/arrays/datetimelike.py,221,"pandas.core.arrays.datetimelike$AttributesMixin._check_compatible_with(self,other,setitem)"
pandas/core/arrays/datetimelike.py,222,"pandas.core.arrays.datetimelike$AttributesMixin._check_compatible_with(self,other,setitem)"
pandas/core/arrays/datetimelike.py,224,"pandas.core.arrays.datetimelike$AttributesMixin._check_compatible_with(self,other,setitem)"
pandas/core/arrays/datetimelike.py,225,
pandas/core/arrays/datetimelike.py,226,
pandas/core/arrays/datetimelike.py,227,
pandas/core/arrays/datetimelike.py,228,
pandas/core/arrays/datetimelike.py,229,
pandas/core/arrays/datetimelike.py,230,
pandas/core/arrays/datetimelike.py,231,
pandas/core/arrays/datetimelike.py,232,"pandas.core.arrays.datetimelike$DatelikeOps.strftime(self,date_format)"
pandas/core/arrays/datetimelike.py,233,"pandas.core.arrays.datetimelike$DatelikeOps.strftime(self,date_format)"
pandas/core/arrays/datetimelike.py,234,"pandas.core.arrays.datetimelike$DatelikeOps.strftime(self,date_format)"
pandas/core/arrays/datetimelike.py,235,"pandas.core.arrays.datetimelike$DatelikeOps.strftime(self,date_format)"
pandas/core/arrays/datetimelike.py,236,"pandas.core.arrays.datetimelike$DatelikeOps.strftime(self,date_format)"
pandas/core/arrays/datetimelike.py,237,"pandas.core.arrays.datetimelike$DatelikeOps.strftime(self,date_format)"
pandas/core/arrays/datetimelike.py,238,"pandas.core.arrays.datetimelike$DatelikeOps.strftime(self,date_format)"
pandas/core/arrays/datetimelike.py,239,"pandas.core.arrays.datetimelike$DatelikeOps.strftime(self,date_format)"
pandas/core/arrays/datetimelike.py,240,"pandas.core.arrays.datetimelike$DatelikeOps.strftime(self,date_format)"
pandas/core/arrays/datetimelike.py,241,"pandas.core.arrays.datetimelike$DatelikeOps.strftime(self,date_format)"
pandas/core/arrays/datetimelike.py,242,"pandas.core.arrays.datetimelike$DatelikeOps.strftime(self,date_format)"
pandas/core/arrays/datetimelike.py,243,"pandas.core.arrays.datetimelike$DatelikeOps.strftime(self,date_format)"
pandas/core/arrays/datetimelike.py,245,"pandas.core.arrays.datetimelike$DatelikeOps.strftime(self,date_format)"
pandas/core/arrays/datetimelike.py,246,"pandas.core.arrays.datetimelike$DatelikeOps.strftime(self,date_format)"
pandas/core/arrays/datetimelike.py,247,"pandas.core.arrays.datetimelike$DatelikeOps.strftime(self,date_format)"
pandas/core/arrays/datetimelike.py,248,"pandas.core.arrays.datetimelike$DatelikeOps.strftime(self,date_format)"
pandas/core/arrays/datetimelike.py,250,"pandas.core.arrays.datetimelike$DatelikeOps.strftime(self,date_format)"
pandas/core/arrays/datetimelike.py,251,"pandas.core.arrays.datetimelike$DatelikeOps.strftime(self,date_format)"
pandas/core/arrays/datetimelike.py,252,"pandas.core.arrays.datetimelike$DatelikeOps.strftime(self,date_format)"
pandas/core/arrays/datetimelike.py,253,"pandas.core.arrays.datetimelike$DatelikeOps.strftime(self,date_format)"
pandas/core/arrays/datetimelike.py,255,"pandas.core.arrays.datetimelike$DatelikeOps.strftime(self,date_format)"
pandas/core/arrays/datetimelike.py,256,"pandas.core.arrays.datetimelike$DatelikeOps.strftime(self,date_format)"
pandas/core/arrays/datetimelike.py,257,"pandas.core.arrays.datetimelike$DatelikeOps.strftime(self,date_format)"
pandas/core/arrays/datetimelike.py,258,"pandas.core.arrays.datetimelike$DatelikeOps.strftime(self,date_format)"
pandas/core/arrays/datetimelike.py,259,"pandas.core.arrays.datetimelike$DatelikeOps.strftime(self,date_format)"
pandas/core/arrays/datetimelike.py,260,"pandas.core.arrays.datetimelike$DatelikeOps.strftime(self,date_format)"
pandas/core/arrays/datetimelike.py,262,"pandas.core.arrays.datetimelike$DatelikeOps.strftime(self,date_format)"
pandas/core/arrays/datetimelike.py,263,"pandas.core.arrays.datetimelike$DatelikeOps.strftime(self,date_format)"
pandas/core/arrays/datetimelike.py,264,"pandas.core.arrays.datetimelike$DatelikeOps.strftime(self,date_format)"
pandas/core/arrays/datetimelike.py,265,"pandas.core.arrays.datetimelike$DatelikeOps.strftime(self,date_format)"
pandas/core/arrays/datetimelike.py,266,"pandas.core.arrays.datetimelike$DatelikeOps.strftime(self,date_format)"
pandas/core/arrays/datetimelike.py,267,"pandas.core.arrays.datetimelike$DatelikeOps.strftime(self,date_format)"
pandas/core/arrays/datetimelike.py,268,"pandas.core.arrays.datetimelike$DatelikeOps.strftime(self,date_format)"
pandas/core/arrays/datetimelike.py,269,"pandas.core.arrays.datetimelike$DatelikeOps.strftime(self,date_format)"
pandas/core/arrays/datetimelike.py,270,"pandas.core.arrays.datetimelike$DatelikeOps.strftime(self,date_format)"
pandas/core/arrays/datetimelike.py,271,"pandas.core.arrays.datetimelike$DatelikeOps.strftime(self,date_format)"
pandas/core/arrays/datetimelike.py,272,"pandas.core.arrays.datetimelike$DatelikeOps.strftime(self,date_format)"
pandas/core/arrays/datetimelike.py,275,
pandas/core/arrays/datetimelike.py,276,
pandas/core/arrays/datetimelike.py,277,
pandas/core/arrays/datetimelike.py,278,
pandas/core/arrays/datetimelike.py,280,
pandas/core/arrays/datetimelike.py,281,
pandas/core/arrays/datetimelike.py,283,
pandas/core/arrays/datetimelike.py,284,
pandas/core/arrays/datetimelike.py,285,
pandas/core/arrays/datetimelike.py,286,
pandas/core/arrays/datetimelike.py,287,
pandas/core/arrays/datetimelike.py,288,
pandas/core/arrays/datetimelike.py,289,
pandas/core/arrays/datetimelike.py,290,
pandas/core/arrays/datetimelike.py,291,
pandas/core/arrays/datetimelike.py,292,
pandas/core/arrays/datetimelike.py,293,
pandas/core/arrays/datetimelike.py,294,
pandas/core/arrays/datetimelike.py,295,
pandas/core/arrays/datetimelike.py,296,
pandas/core/arrays/datetimelike.py,297,
pandas/core/arrays/datetimelike.py,298,
pandas/core/arrays/datetimelike.py,299,
pandas/core/arrays/datetimelike.py,300,
pandas/core/arrays/datetimelike.py,302,
pandas/core/arrays/datetimelike.py,304,
pandas/core/arrays/datetimelike.py,305,
pandas/core/arrays/datetimelike.py,306,
pandas/core/arrays/datetimelike.py,307,
pandas/core/arrays/datetimelike.py,309,
pandas/core/arrays/datetimelike.py,310,
pandas/core/arrays/datetimelike.py,311,
pandas/core/arrays/datetimelike.py,312,
pandas/core/arrays/datetimelike.py,313,
pandas/core/arrays/datetimelike.py,314,
pandas/core/arrays/datetimelike.py,315,
pandas/core/arrays/datetimelike.py,316,
pandas/core/arrays/datetimelike.py,318,
pandas/core/arrays/datetimelike.py,320,
pandas/core/arrays/datetimelike.py,321,
pandas/core/arrays/datetimelike.py,322,
pandas/core/arrays/datetimelike.py,323,
pandas/core/arrays/datetimelike.py,324,
pandas/core/arrays/datetimelike.py,326,
pandas/core/arrays/datetimelike.py,327,
pandas/core/arrays/datetimelike.py,328,
pandas/core/arrays/datetimelike.py,330,
pandas/core/arrays/datetimelike.py,332,
pandas/core/arrays/datetimelike.py,333,
pandas/core/arrays/datetimelike.py,334,
pandas/core/arrays/datetimelike.py,335,
pandas/core/arrays/datetimelike.py,336,
pandas/core/arrays/datetimelike.py,337,
pandas/core/arrays/datetimelike.py,338,
pandas/core/arrays/datetimelike.py,341,
pandas/core/arrays/datetimelike.py,342,
pandas/core/arrays/datetimelike.py,343,
pandas/core/arrays/datetimelike.py,344,
pandas/core/arrays/datetimelike.py,346,
pandas/core/arrays/datetimelike.py,348,
pandas/core/arrays/datetimelike.py,349,
pandas/core/arrays/datetimelike.py,350,
pandas/core/arrays/datetimelike.py,351,
pandas/core/arrays/datetimelike.py,352,
pandas/core/arrays/datetimelike.py,355,
pandas/core/arrays/datetimelike.py,356,
pandas/core/arrays/datetimelike.py,357,
pandas/core/arrays/datetimelike.py,358,
pandas/core/arrays/datetimelike.py,360,
pandas/core/arrays/datetimelike.py,361,
pandas/core/arrays/datetimelike.py,362,
pandas/core/arrays/datetimelike.py,363,
pandas/core/arrays/datetimelike.py,364,
pandas/core/arrays/datetimelike.py,365,
pandas/core/arrays/datetimelike.py,366,
pandas/core/arrays/datetimelike.py,369,
pandas/core/arrays/datetimelike.py,370,
pandas/core/arrays/datetimelike.py,371,
pandas/core/arrays/datetimelike.py,372,
pandas/core/arrays/datetimelike.py,373,
pandas/core/arrays/datetimelike.py,374,
pandas/core/arrays/datetimelike.py,376,
pandas/core/arrays/datetimelike.py,377,
pandas/core/arrays/datetimelike.py,378,
pandas/core/arrays/datetimelike.py,379,
pandas/core/arrays/datetimelike.py,380,
pandas/core/arrays/datetimelike.py,383,"pandas.core.arrays.datetimelike$TimelikeOps._round(self,freq,mode,ambiguous,nonexistent)"
pandas/core/arrays/datetimelike.py,384,"pandas.core.arrays.datetimelike$TimelikeOps._round(self,freq,mode,ambiguous,nonexistent)"
pandas/core/arrays/datetimelike.py,385,"pandas.core.arrays.datetimelike$TimelikeOps._round(self,freq,mode,ambiguous,nonexistent)"
pandas/core/arrays/datetimelike.py,386,"pandas.core.arrays.datetimelike$TimelikeOps._round(self,freq,mode,ambiguous,nonexistent)"
pandas/core/arrays/datetimelike.py,387,"pandas.core.arrays.datetimelike$TimelikeOps._round(self,freq,mode,ambiguous,nonexistent)"
pandas/core/arrays/datetimelike.py,388,"pandas.core.arrays.datetimelike$TimelikeOps._round(self,freq,mode,ambiguous,nonexistent)"
pandas/core/arrays/datetimelike.py,389,"pandas.core.arrays.datetimelike$TimelikeOps._round(self,freq,mode,ambiguous,nonexistent)"
pandas/core/arrays/datetimelike.py,390,"pandas.core.arrays.datetimelike$TimelikeOps._round(self,freq,mode,ambiguous,nonexistent)"
pandas/core/arrays/datetimelike.py,391,"pandas.core.arrays.datetimelike$TimelikeOps._round(self,freq,mode,ambiguous,nonexistent)"
pandas/core/arrays/datetimelike.py,392,"pandas.core.arrays.datetimelike$TimelikeOps._round(self,freq,mode,ambiguous,nonexistent)"
pandas/core/arrays/datetimelike.py,393,"pandas.core.arrays.datetimelike$TimelikeOps._round(self,freq,mode,ambiguous,nonexistent)"
pandas/core/arrays/datetimelike.py,394,"pandas.core.arrays.datetimelike$TimelikeOps._round(self,freq,mode,ambiguous,nonexistent)"
pandas/core/arrays/datetimelike.py,395,"pandas.core.arrays.datetimelike$TimelikeOps._round(self,freq,mode,ambiguous,nonexistent)"
pandas/core/arrays/datetimelike.py,396,"pandas.core.arrays.datetimelike$TimelikeOps._round(self,freq,mode,ambiguous,nonexistent)"
pandas/core/arrays/datetimelike.py,397,"pandas.core.arrays.datetimelike$TimelikeOps._round(self,freq,mode,ambiguous,nonexistent)"
pandas/core/arrays/datetimelike.py,398,
pandas/core/arrays/datetimelike.py,399,"pandas.core.arrays.datetimelike$TimelikeOps.round(self,freq,ambiguous,nonexistent)"
pandas/core/arrays/datetimelike.py,400,"pandas.core.arrays.datetimelike$TimelikeOps.round(self,freq,ambiguous,nonexistent)"
pandas/core/arrays/datetimelike.py,401,"pandas.core.arrays.datetimelike$TimelikeOps.round(self,freq,ambiguous,nonexistent)"
pandas/core/arrays/datetimelike.py,403,"pandas.core.arrays.datetimelike$TimelikeOps.floor(self,freq,ambiguous,nonexistent)"
pandas/core/arrays/datetimelike.py,404,"pandas.core.arrays.datetimelike$TimelikeOps.floor(self,freq,ambiguous,nonexistent)"
pandas/core/arrays/datetimelike.py,405,"pandas.core.arrays.datetimelike$TimelikeOps.floor(self,freq,ambiguous,nonexistent)"
pandas/core/arrays/datetimelike.py,407,"pandas.core.arrays.datetimelike$TimelikeOps.ceil(self,freq,ambiguous,nonexistent)"
pandas/core/arrays/datetimelike.py,408,"pandas.core.arrays.datetimelike$TimelikeOps.ceil(self,freq,ambiguous,nonexistent)"
pandas/core/arrays/datetimelike.py,409,"pandas.core.arrays.datetimelike$TimelikeOps.ceil(self,freq,ambiguous,nonexistent)"
pandas/core/arrays/datetimelike.py,411,"pandas.core.arrays.datetimelike$TimelikeOps._with_freq(self,freq)"
pandas/core/arrays/datetimelike.py,413,"pandas.core.arrays.datetimelike$TimelikeOps._with_freq(self,freq)"
pandas/core/arrays/datetimelike.py,415,"pandas.core.arrays.datetimelike$TimelikeOps._with_freq(self,freq)"
pandas/core/arrays/datetimelike.py,416,"pandas.core.arrays.datetimelike$TimelikeOps._with_freq(self,freq)"
pandas/core/arrays/datetimelike.py,417,"pandas.core.arrays.datetimelike$TimelikeOps._with_freq(self,freq)"
pandas/core/arrays/datetimelike.py,419,"pandas.core.arrays.datetimelike$TimelikeOps._with_freq(self,freq)"
pandas/core/arrays/datetimelike.py,420,"pandas.core.arrays.datetimelike$TimelikeOps._with_freq(self,freq)"
pandas/core/arrays/datetimelike.py,421,"pandas.core.arrays.datetimelike$TimelikeOps._with_freq(self,freq)"
pandas/core/arrays/datetimelike.py,423,"pandas.core.arrays.datetimelike$TimelikeOps._with_freq(self,freq)"
pandas/core/arrays/datetimelike.py,424,"pandas.core.arrays.datetimelike$TimelikeOps._with_freq(self,freq)"
pandas/core/arrays/datetimelike.py,425,"pandas.core.arrays.datetimelike$TimelikeOps._with_freq(self,freq)"
pandas/core/arrays/datetimelike.py,426,"pandas.core.arrays.datetimelike$TimelikeOps._with_freq(self,freq)"
pandas/core/arrays/datetimelike.py,427,"pandas.core.arrays.datetimelike$TimelikeOps._with_freq(self,freq)"
pandas/core/arrays/datetimelike.py,428,"pandas.core.arrays.datetimelike$TimelikeOps._with_freq(self,freq)"
pandas/core/arrays/datetimelike.py,429,"pandas.core.arrays.datetimelike$TimelikeOps._with_freq(self,freq)"
pandas/core/arrays/datetimelike.py,430,"pandas.core.arrays.datetimelike$TimelikeOps._with_freq(self,freq)"
pandas/core/arrays/datetimelike.py,431,"pandas.core.arrays.datetimelike$TimelikeOps._with_freq(self,freq)"
pandas/core/arrays/datetimelike.py,432,"pandas.core.arrays.datetimelike$TimelikeOps._with_freq(self,freq)"
pandas/core/arrays/datetimelike.py,433,"pandas.core.arrays.datetimelike$TimelikeOps._with_freq(self,freq)"
pandas/core/arrays/datetimelike.py,434,"pandas.core.arrays.datetimelike$TimelikeOps._with_freq(self,freq)"
pandas/core/arrays/datetimelike.py,435,"pandas.core.arrays.datetimelike$TimelikeOps._with_freq(self,freq)"
pandas/core/arrays/datetimelike.py,436,"pandas.core.arrays.datetimelike$TimelikeOps._with_freq(self,freq)"
pandas/core/arrays/datetimelike.py,437,"pandas.core.arrays.datetimelike$TimelikeOps._with_freq(self,freq)"
pandas/core/arrays/datetimelike.py,438,
pandas/core/arrays/datetimelike.py,439,
pandas/core/arrays/datetimelike.py,440,
pandas/core/arrays/datetimelike.py,441,
pandas/core/arrays/datetimelike.py,442,
pandas/core/arrays/datetimelike.py,443,
pandas/core/arrays/datetimelike.py,444,
pandas/core/arrays/datetimelike.py,445,
pandas/core/arrays/datetimelike.py,446,
pandas/core/arrays/datetimelike.py,447,
pandas/core/arrays/datetimelike.py,448,
pandas/core/arrays/datetimelike.py,449,
pandas/core/arrays/datetimelike.py,450,
pandas/core/arrays/datetimelike.py,451,
pandas/core/arrays/datetimelike.py,452,
pandas/core/arrays/datetimelike.py,453,
pandas/core/arrays/datetimelike.py,454,
pandas/core/arrays/datetimelike.py,455,
pandas/core/arrays/datetimelike.py,457,pandas.core.arrays.datetimelike$DatetimeLikeArrayMixin._ndarray(self)
pandas/core/arrays/datetimelike.py,458,pandas.core.arrays.datetimelike$DatetimeLikeArrayMixin._ndarray(self)
pandas/core/arrays/datetimelike.py,459,pandas.core.arrays.datetimelike$DatetimeLikeArrayMixin._ndarray(self)
pandas/core/arrays/datetimelike.py,460,pandas.core.arrays.datetimelike$DatetimeLikeArrayMixin._ndarray(self)
pandas/core/arrays/datetimelike.py,462,"pandas.core.arrays.datetimelike$DatetimeLikeArrayMixin._from_backing_data(self,arr)"
pandas/core/arrays/datetimelike.py,463,"pandas.core.arrays.datetimelike$DatetimeLikeArrayMixin._from_backing_data(self,arr)"
pandas/core/arrays/datetimelike.py,464,"pandas.core.arrays.datetimelike$DatetimeLikeArrayMixin._from_backing_data(self,arr)"
pandas/core/arrays/datetimelike.py,466,
pandas/core/arrays/datetimelike.py,469,pandas.core.arrays.datetimelike$DatetimeLikeArrayMixin._box_func(self)
pandas/core/arrays/datetimelike.py,470,pandas.core.arrays.datetimelike$DatetimeLikeArrayMixin._box_func(self)
pandas/core/arrays/datetimelike.py,471,pandas.core.arrays.datetimelike$DatetimeLikeArrayMixin._box_func(self)
pandas/core/arrays/datetimelike.py,472,pandas.core.arrays.datetimelike$DatetimeLikeArrayMixin._box_func(self)
pandas/core/arrays/datetimelike.py,475,"pandas.core.arrays.datetimelike$DatetimeLikeArrayMixin._box_values(self,values)"
pandas/core/arrays/datetimelike.py,477,"pandas.core.arrays.datetimelike$DatetimeLikeArrayMixin._box_values(self,values)"
pandas/core/arrays/datetimelike.py,479,"pandas.core.arrays.datetimelike$DatetimeLikeArrayMixin._box_values(self,values)"
pandas/core/arrays/datetimelike.py,481,pandas.core.arrays.datetimelike$DatetimeLikeArrayMixin.__iter__(self)
pandas/core/arrays/datetimelike.py,482,pandas.core.arrays.datetimelike$DatetimeLikeArrayMixin.__iter__(self)
pandas/core/arrays/datetimelike.py,484,pandas.core.arrays.datetimelike$DatetimeLikeArrayMixin.asi8(self)
pandas/core/arrays/datetimelike.py,485,pandas.core.arrays.datetimelike$DatetimeLikeArrayMixin.asi8(self)
pandas/core/arrays/datetimelike.py,486,pandas.core.arrays.datetimelike$DatetimeLikeArrayMixin.asi8(self)
pandas/core/arrays/datetimelike.py,487,pandas.core.arrays.datetimelike$DatetimeLikeArrayMixin.asi8(self)
pandas/core/arrays/datetimelike.py,488,pandas.core.arrays.datetimelike$DatetimeLikeArrayMixin.asi8(self)
pandas/core/arrays/datetimelike.py,489,pandas.core.arrays.datetimelike$DatetimeLikeArrayMixin.asi8(self)
pandas/core/arrays/datetimelike.py,490,pandas.core.arrays.datetimelike$DatetimeLikeArrayMixin.asi8(self)
pandas/core/arrays/datetimelike.py,491,pandas.core.arrays.datetimelike$DatetimeLikeArrayMixin.asi8(self)
pandas/core/arrays/datetimelike.py,492,pandas.core.arrays.datetimelike$DatetimeLikeArrayMixin.asi8(self)
pandas/core/arrays/datetimelike.py,493,pandas.core.arrays.datetimelike$DatetimeLikeArrayMixin.asi8(self)
pandas/core/arrays/datetimelike.py,494,pandas.core.arrays.datetimelike$DatetimeLikeArrayMixin.asi8(self)
pandas/core/arrays/datetimelike.py,495,pandas.core.arrays.datetimelike$DatetimeLikeArrayMixin.asi8(self)
pandas/core/arrays/datetimelike.py,497,
pandas/core/arrays/datetimelike.py,498,
pandas/core/arrays/datetimelike.py,500,"pandas.core.arrays.datetimelike$DatetimeLikeArrayMixin._format_native_types(self,na_rep,date_format)"
pandas/core/arrays/datetimelike.py,502,"pandas.core.arrays.datetimelike$DatetimeLikeArrayMixin._format_native_types(self,na_rep,date_format)"
pandas/core/arrays/datetimelike.py,506,"pandas.core.arrays.datetimelike$DatetimeLikeArrayMixin._format_native_types(self,na_rep,date_format)"
pandas/core/arrays/datetimelike.py,508,"pandas.core.arrays.datetimelike$DatetimeLikeArrayMixin._format_native_types(self,na_rep,date_format)"
pandas/core/arrays/datetimelike.py,509,
pandas/core/arrays/datetimelike.py,510,"pandas.core.arrays.datetimelike$DatetimeLikeArrayMixin._formatter(self,boxed)"
pandas/core/arrays/datetimelike.py,511,"pandas.core.arrays.datetimelike$DatetimeLikeArrayMixin._formatter(self,boxed)"
pandas/core/arrays/datetimelike.py,512,"pandas.core.arrays.datetimelike$DatetimeLikeArrayMixin._formatter(self,boxed)"
pandas/core/arrays/datetimelike.py,514,
pandas/core/arrays/datetimelike.py,515,
pandas/core/arrays/datetimelike.py,517,"pandas.core.arrays.datetimelike$DatetimeLikeArrayMixin.__array__(self,dtype)"
pandas/core/arrays/datetimelike.py,518,"pandas.core.arrays.datetimelike$DatetimeLikeArrayMixin.__array__(self,dtype)"
pandas/core/arrays/datetimelike.py,519,"pandas.core.arrays.datetimelike$DatetimeLikeArrayMixin.__array__(self,dtype)"
pandas/core/arrays/datetimelike.py,520,"pandas.core.arrays.datetimelike$DatetimeLikeArrayMixin.__array__(self,dtype)"
pandas/core/arrays/datetimelike.py,521,"pandas.core.arrays.datetimelike$DatetimeLikeArrayMixin.__array__(self,dtype)"
pandas/core/arrays/datetimelike.py,523,"pandas.core.arrays.datetimelike$DatetimeLikeArrayMixin.__getitem__(self,key)"
pandas/core/arrays/datetimelike.py,524,"pandas.core.arrays.datetimelike$DatetimeLikeArrayMixin.__getitem__(self,key)"
pandas/core/arrays/datetimelike.py,525,"pandas.core.arrays.datetimelike$DatetimeLikeArrayMixin.__getitem__(self,key)"
pandas/core/arrays/datetimelike.py,526,"pandas.core.arrays.datetimelike$DatetimeLikeArrayMixin.__getitem__(self,key)"
pandas/core/arrays/datetimelike.py,527,"pandas.core.arrays.datetimelike$DatetimeLikeArrayMixin.__getitem__(self,key)"
pandas/core/arrays/datetimelike.py,529,"pandas.core.arrays.datetimelike$DatetimeLikeArrayMixin.__getitem__(self,key)"
pandas/core/arrays/datetimelike.py,530,"pandas.core.arrays.datetimelike$DatetimeLikeArrayMixin.__getitem__(self,key)"
pandas/core/arrays/datetimelike.py,531,"pandas.core.arrays.datetimelike$DatetimeLikeArrayMixin.__getitem__(self,key)"
pandas/core/arrays/datetimelike.py,532,"pandas.core.arrays.datetimelike$DatetimeLikeArrayMixin.__getitem__(self,key)"
pandas/core/arrays/datetimelike.py,533,"pandas.core.arrays.datetimelike$DatetimeLikeArrayMixin.__getitem__(self,key)"
pandas/core/arrays/datetimelike.py,534,"pandas.core.arrays.datetimelike$DatetimeLikeArrayMixin.__getitem__(self,key)"
pandas/core/arrays/datetimelike.py,535,"pandas.core.arrays.datetimelike$DatetimeLikeArrayMixin.__getitem__(self,key)"
pandas/core/arrays/datetimelike.py,536,"pandas.core.arrays.datetimelike$DatetimeLikeArrayMixin.__getitem__(self,key)"
pandas/core/arrays/datetimelike.py,537,"pandas.core.arrays.datetimelike$DatetimeLikeArrayMixin.__getitem__(self,key)"
pandas/core/arrays/datetimelike.py,538,"pandas.core.arrays.datetimelike$DatetimeLikeArrayMixin.__getitem__(self,key)"
pandas/core/arrays/datetimelike.py,539,"pandas.core.arrays.datetimelike$DatetimeLikeArrayMixin.__getitem__(self,key)"
pandas/core/arrays/datetimelike.py,540,"pandas.core.arrays.datetimelike$DatetimeLikeArrayMixin.__getitem__(self,key)"
pandas/core/arrays/datetimelike.py,541,"pandas.core.arrays.datetimelike$DatetimeLikeArrayMixin.__getitem__(self,key)"
pandas/core/arrays/datetimelike.py,542,"pandas.core.arrays.datetimelike$DatetimeLikeArrayMixin.__getitem__(self,key)"
pandas/core/arrays/datetimelike.py,544,"pandas.core.arrays.datetimelike$DatetimeLikeArrayMixin.__getitem__(self,key)"
pandas/core/arrays/datetimelike.py,545,"pandas.core.arrays.datetimelike$DatetimeLikeArrayMixin.__getitem__(self,key)"
pandas/core/arrays/datetimelike.py,546,"pandas.core.arrays.datetimelike$DatetimeLikeArrayMixin.__getitem__(self,key)"
pandas/core/arrays/datetimelike.py,547,"pandas.core.arrays.datetimelike$DatetimeLikeArrayMixin.__getitem__(self,key)"
pandas/core/arrays/datetimelike.py,548,"pandas.core.arrays.datetimelike$DatetimeLikeArrayMixin.__getitem__(self,key)"
pandas/core/arrays/datetimelike.py,550,"pandas.core.arrays.datetimelike$DatetimeLikeArrayMixin._get_getitem_freq(self,key)"
pandas/core/arrays/datetimelike.py,551,"pandas.core.arrays.datetimelike$DatetimeLikeArrayMixin._get_getitem_freq(self,key)"
pandas/core/arrays/datetimelike.py,552,"pandas.core.arrays.datetimelike$DatetimeLikeArrayMixin._get_getitem_freq(self,key)"
pandas/core/arrays/datetimelike.py,553,"pandas.core.arrays.datetimelike$DatetimeLikeArrayMixin._get_getitem_freq(self,key)"
pandas/core/arrays/datetimelike.py,554,"pandas.core.arrays.datetimelike$DatetimeLikeArrayMixin._get_getitem_freq(self,key)"
pandas/core/arrays/datetimelike.py,555,"pandas.core.arrays.datetimelike$DatetimeLikeArrayMixin._get_getitem_freq(self,key)"
pandas/core/arrays/datetimelike.py,556,"pandas.core.arrays.datetimelike$DatetimeLikeArrayMixin._get_getitem_freq(self,key)"
pandas/core/arrays/datetimelike.py,557,"pandas.core.arrays.datetimelike$DatetimeLikeArrayMixin._get_getitem_freq(self,key)"
pandas/core/arrays/datetimelike.py,558,"pandas.core.arrays.datetimelike$DatetimeLikeArrayMixin._get_getitem_freq(self,key)"
pandas/core/arrays/datetimelike.py,559,"pandas.core.arrays.datetimelike$DatetimeLikeArrayMixin._get_getitem_freq(self,key)"
pandas/core/arrays/datetimelike.py,560,"pandas.core.arrays.datetimelike$DatetimeLikeArrayMixin._get_getitem_freq(self,key)"
pandas/core/arrays/datetimelike.py,561,"pandas.core.arrays.datetimelike$DatetimeLikeArrayMixin._get_getitem_freq(self,key)"
pandas/core/arrays/datetimelike.py,562,"pandas.core.arrays.datetimelike$DatetimeLikeArrayMixin._get_getitem_freq(self,key)"
pandas/core/arrays/datetimelike.py,563,"pandas.core.arrays.datetimelike$DatetimeLikeArrayMixin._get_getitem_freq(self,key)"
pandas/core/arrays/datetimelike.py,564,"pandas.core.arrays.datetimelike$DatetimeLikeArrayMixin._get_getitem_freq(self,key)"
pandas/core/arrays/datetimelike.py,565,"pandas.core.arrays.datetimelike$DatetimeLikeArrayMixin._get_getitem_freq(self,key)"
pandas/core/arrays/datetimelike.py,566,"pandas.core.arrays.datetimelike$DatetimeLikeArrayMixin._get_getitem_freq(self,key)"
pandas/core/arrays/datetimelike.py,567,"pandas.core.arrays.datetimelike$DatetimeLikeArrayMixin._get_getitem_freq(self,key)"
pandas/core/arrays/datetimelike.py,568,"pandas.core.arrays.datetimelike$DatetimeLikeArrayMixin._get_getitem_freq(self,key)"
pandas/core/arrays/datetimelike.py,569,
pandas/core/arrays/datetimelike.py,570,"pandas.core.arrays.datetimelike$DatetimeLikeArrayMixin.__setitem__(self,key,value)"
pandas/core/arrays/datetimelike.py,571,"pandas.core.arrays.datetimelike$DatetimeLikeArrayMixin.__setitem__(self,key,value)"
pandas/core/arrays/datetimelike.py,572,"pandas.core.arrays.datetimelike$DatetimeLikeArrayMixin.__setitem__(self,key,value)"
pandas/core/arrays/datetimelike.py,573,"pandas.core.arrays.datetimelike$DatetimeLikeArrayMixin.__setitem__(self,key,value)"
pandas/core/arrays/datetimelike.py,574,"pandas.core.arrays.datetimelike$DatetimeLikeArrayMixin.__setitem__(self,key,value)"
pandas/core/arrays/datetimelike.py,575,"pandas.core.arrays.datetimelike$DatetimeLikeArrayMixin.__setitem__(self,key,value)"
pandas/core/arrays/datetimelike.py,576,"pandas.core.arrays.datetimelike$DatetimeLikeArrayMixin.__setitem__(self,key,value)"
pandas/core/arrays/datetimelike.py,577,"pandas.core.arrays.datetimelike$DatetimeLikeArrayMixin.__setitem__(self,key,value)"
pandas/core/arrays/datetimelike.py,578,"pandas.core.arrays.datetimelike$DatetimeLikeArrayMixin.__setitem__(self,key,value)"
pandas/core/arrays/datetimelike.py,579,"pandas.core.arrays.datetimelike$DatetimeLikeArrayMixin.__setitem__(self,key,value)"
pandas/core/arrays/datetimelike.py,580,"pandas.core.arrays.datetimelike$DatetimeLikeArrayMixin.__setitem__(self,key,value)"
pandas/core/arrays/datetimelike.py,581,"pandas.core.arrays.datetimelike$DatetimeLikeArrayMixin.__setitem__(self,key,value)"
pandas/core/arrays/datetimelike.py,582,"pandas.core.arrays.datetimelike$DatetimeLikeArrayMixin.__setitem__(self,key,value)"
pandas/core/arrays/datetimelike.py,583,"pandas.core.arrays.datetimelike$DatetimeLikeArrayMixin.__setitem__(self,key,value)"
pandas/core/arrays/datetimelike.py,584,"pandas.core.arrays.datetimelike$DatetimeLikeArrayMixin.__setitem__(self,key,value)"
pandas/core/arrays/datetimelike.py,585,"pandas.core.arrays.datetimelike$DatetimeLikeArrayMixin.__setitem__(self,key,value)"
pandas/core/arrays/datetimelike.py,586,"pandas.core.arrays.datetimelike$DatetimeLikeArrayMixin.__setitem__(self,key,value)"
pandas/core/arrays/datetimelike.py,587,"pandas.core.arrays.datetimelike$DatetimeLikeArrayMixin.__setitem__(self,key,value)"
pandas/core/arrays/datetimelike.py,588,"pandas.core.arrays.datetimelike$DatetimeLikeArrayMixin.__setitem__(self,key,value)"
pandas/core/arrays/datetimelike.py,589,"pandas.core.arrays.datetimelike$DatetimeLikeArrayMixin.__setitem__(self,key,value)"
pandas/core/arrays/datetimelike.py,590,"pandas.core.arrays.datetimelike$DatetimeLikeArrayMixin.__setitem__(self,key,value)"
pandas/core/arrays/datetimelike.py,591,"pandas.core.arrays.datetimelike$DatetimeLikeArrayMixin.__setitem__(self,key,value)"
pandas/core/arrays/datetimelike.py,592,"pandas.core.arrays.datetimelike$DatetimeLikeArrayMixin.__setitem__(self,key,value)"
pandas/core/arrays/datetimelike.py,593,"pandas.core.arrays.datetimelike$DatetimeLikeArrayMixin.__setitem__(self,key,value)"
pandas/core/arrays/datetimelike.py,594,"pandas.core.arrays.datetimelike$DatetimeLikeArrayMixin.__setitem__(self,key,value)"
pandas/core/arrays/datetimelike.py,595,"pandas.core.arrays.datetimelike$DatetimeLikeArrayMixin.__setitem__(self,key,value)"
pandas/core/arrays/datetimelike.py,596,"pandas.core.arrays.datetimelike$DatetimeLikeArrayMixin.__setitem__(self,key,value)"
pandas/core/arrays/datetimelike.py,597,"pandas.core.arrays.datetimelike$DatetimeLikeArrayMixin.__setitem__(self,key,value)"
pandas/core/arrays/datetimelike.py,598,"pandas.core.arrays.datetimelike$DatetimeLikeArrayMixin.__setitem__(self,key,value)"
pandas/core/arrays/datetimelike.py,599,"pandas.core.arrays.datetimelike$DatetimeLikeArrayMixin.__setitem__(self,key,value)"
pandas/core/arrays/datetimelike.py,600,"pandas.core.arrays.datetimelike$DatetimeLikeArrayMixin.__setitem__(self,key,value)"
pandas/core/arrays/datetimelike.py,601,"pandas.core.arrays.datetimelike$DatetimeLikeArrayMixin.__setitem__(self,key,value)"
pandas/core/arrays/datetimelike.py,602,
pandas/core/arrays/datetimelike.py,603,pandas.core.arrays.datetimelike$DatetimeLikeArrayMixin._maybe_clear_freq(self)
pandas/core/arrays/datetimelike.py,604,pandas.core.arrays.datetimelike$DatetimeLikeArrayMixin._maybe_clear_freq(self)
pandas/core/arrays/datetimelike.py,605,pandas.core.arrays.datetimelike$DatetimeLikeArrayMixin._maybe_clear_freq(self)
pandas/core/arrays/datetimelike.py,606,pandas.core.arrays.datetimelike$DatetimeLikeArrayMixin._maybe_clear_freq(self)
pandas/core/arrays/datetimelike.py,607,
pandas/core/arrays/datetimelike.py,608,"pandas.core.arrays.datetimelike$DatetimeLikeArrayMixin.astype(self,dtype,copy)"
pandas/core/arrays/datetimelike.py,609,"pandas.core.arrays.datetimelike$DatetimeLikeArrayMixin.astype(self,dtype,copy)"
pandas/core/arrays/datetimelike.py,610,"pandas.core.arrays.datetimelike$DatetimeLikeArrayMixin.astype(self,dtype,copy)"
pandas/core/arrays/datetimelike.py,611,"pandas.core.arrays.datetimelike$DatetimeLikeArrayMixin.astype(self,dtype,copy)"
pandas/core/arrays/datetimelike.py,612,"pandas.core.arrays.datetimelike$DatetimeLikeArrayMixin.astype(self,dtype,copy)"
pandas/core/arrays/datetimelike.py,613,"pandas.core.arrays.datetimelike$DatetimeLikeArrayMixin.astype(self,dtype,copy)"
pandas/core/arrays/datetimelike.py,614,"pandas.core.arrays.datetimelike$DatetimeLikeArrayMixin.astype(self,dtype,copy)"
pandas/core/arrays/datetimelike.py,615,"pandas.core.arrays.datetimelike$DatetimeLikeArrayMixin.astype(self,dtype,copy)"
pandas/core/arrays/datetimelike.py,616,"pandas.core.arrays.datetimelike$DatetimeLikeArrayMixin.astype(self,dtype,copy)"
pandas/core/arrays/datetimelike.py,617,"pandas.core.arrays.datetimelike$DatetimeLikeArrayMixin.astype(self,dtype,copy)"
pandas/core/arrays/datetimelike.py,618,"pandas.core.arrays.datetimelike$DatetimeLikeArrayMixin.astype(self,dtype,copy)"
pandas/core/arrays/datetimelike.py,619,"pandas.core.arrays.datetimelike$DatetimeLikeArrayMixin.astype(self,dtype,copy)"
pandas/core/arrays/datetimelike.py,620,"pandas.core.arrays.datetimelike$DatetimeLikeArrayMixin.astype(self,dtype,copy)"
pandas/core/arrays/datetimelike.py,621,"pandas.core.arrays.datetimelike$DatetimeLikeArrayMixin.astype(self,dtype,copy)"
pandas/core/arrays/datetimelike.py,622,"pandas.core.arrays.datetimelike$DatetimeLikeArrayMixin.astype(self,dtype,copy)"
pandas/core/arrays/datetimelike.py,623,"pandas.core.arrays.datetimelike$DatetimeLikeArrayMixin.astype(self,dtype,copy)"
pandas/core/arrays/datetimelike.py,624,"pandas.core.arrays.datetimelike$DatetimeLikeArrayMixin.astype(self,dtype,copy)"
pandas/core/arrays/datetimelike.py,625,"pandas.core.arrays.datetimelike$DatetimeLikeArrayMixin.astype(self,dtype,copy)"
pandas/core/arrays/datetimelike.py,626,"pandas.core.arrays.datetimelike$DatetimeLikeArrayMixin.astype(self,dtype,copy)"
pandas/core/arrays/datetimelike.py,627,"pandas.core.arrays.datetimelike$DatetimeLikeArrayMixin.astype(self,dtype,copy)"
pandas/core/arrays/datetimelike.py,628,"pandas.core.arrays.datetimelike$DatetimeLikeArrayMixin.astype(self,dtype,copy)"
pandas/core/arrays/datetimelike.py,629,"pandas.core.arrays.datetimelike$DatetimeLikeArrayMixin.astype(self,dtype,copy)"
pandas/core/arrays/datetimelike.py,630,"pandas.core.arrays.datetimelike$DatetimeLikeArrayMixin.astype(self,dtype,copy)"
pandas/core/arrays/datetimelike.py,631,"pandas.core.arrays.datetimelike$DatetimeLikeArrayMixin.astype(self,dtype,copy)"
pandas/core/arrays/datetimelike.py,632,"pandas.core.arrays.datetimelike$DatetimeLikeArrayMixin.astype(self,dtype,copy)"
pandas/core/arrays/datetimelike.py,633,"pandas.core.arrays.datetimelike$DatetimeLikeArrayMixin.astype(self,dtype,copy)"
pandas/core/arrays/datetimelike.py,634,"pandas.core.arrays.datetimelike$DatetimeLikeArrayMixin.astype(self,dtype,copy)"
pandas/core/arrays/datetimelike.py,635,"pandas.core.arrays.datetimelike$DatetimeLikeArrayMixin.astype(self,dtype,copy)"
pandas/core/arrays/datetimelike.py,636,"pandas.core.arrays.datetimelike$DatetimeLikeArrayMixin.astype(self,dtype,copy)"
pandas/core/arrays/datetimelike.py,637,"pandas.core.arrays.datetimelike$DatetimeLikeArrayMixin.astype(self,dtype,copy)"
pandas/core/arrays/datetimelike.py,638,"pandas.core.arrays.datetimelike$DatetimeLikeArrayMixin.astype(self,dtype,copy)"
pandas/core/arrays/datetimelike.py,639,"pandas.core.arrays.datetimelike$DatetimeLikeArrayMixin.astype(self,dtype,copy)"
pandas/core/arrays/datetimelike.py,640,"pandas.core.arrays.datetimelike$DatetimeLikeArrayMixin.astype(self,dtype,copy)"
pandas/core/arrays/datetimelike.py,641,"pandas.core.arrays.datetimelike$DatetimeLikeArrayMixin.astype(self,dtype,copy)"
pandas/core/arrays/datetimelike.py,643,"pandas.core.arrays.datetimelike$DatetimeLikeArrayMixin.astype(self,dtype,copy)"
pandas/core/arrays/datetimelike.py,644,
pandas/core/arrays/datetimelike.py,645,"pandas.core.arrays.datetimelike$DatetimeLikeArrayMixin.view(self,dtype)"
pandas/core/arrays/datetimelike.py,646,"pandas.core.arrays.datetimelike$DatetimeLikeArrayMixin.view(self,dtype)"
pandas/core/arrays/datetimelike.py,647,"pandas.core.arrays.datetimelike$DatetimeLikeArrayMixin.view(self,dtype)"
pandas/core/arrays/datetimelike.py,648,"pandas.core.arrays.datetimelike$DatetimeLikeArrayMixin.view(self,dtype)"
pandas/core/arrays/datetimelike.py,649,
pandas/core/arrays/datetimelike.py,650,
pandas/core/arrays/datetimelike.py,651,
pandas/core/arrays/datetimelike.py,652,
pandas/core/arrays/datetimelike.py,653,"pandas.core.arrays.datetimelike$DatetimeLikeArrayMixin._concat_same_type(cls,to_concat,axis)"
pandas/core/arrays/datetimelike.py,654,"pandas.core.arrays.datetimelike$DatetimeLikeArrayMixin._concat_same_type(cls,to_concat,axis)"
pandas/core/arrays/datetimelike.py,656,"pandas.core.arrays.datetimelike$DatetimeLikeArrayMixin._concat_same_type(cls,to_concat,axis)"
pandas/core/arrays/datetimelike.py,657,"pandas.core.arrays.datetimelike$DatetimeLikeArrayMixin._concat_same_type(cls,to_concat,axis)"
pandas/core/arrays/datetimelike.py,658,"pandas.core.arrays.datetimelike$DatetimeLikeArrayMixin._concat_same_type(cls,to_concat,axis)"
pandas/core/arrays/datetimelike.py,659,"pandas.core.arrays.datetimelike$DatetimeLikeArrayMixin._concat_same_type(cls,to_concat,axis)"
pandas/core/arrays/datetimelike.py,661,"pandas.core.arrays.datetimelike$DatetimeLikeArrayMixin._concat_same_type(cls,to_concat,axis)"
pandas/core/arrays/datetimelike.py,662,"pandas.core.arrays.datetimelike$DatetimeLikeArrayMixin._concat_same_type(cls,to_concat,axis)"
pandas/core/arrays/datetimelike.py,663,"pandas.core.arrays.datetimelike$DatetimeLikeArrayMixin._concat_same_type(cls,to_concat,axis)"
pandas/core/arrays/datetimelike.py,664,"pandas.core.arrays.datetimelike$DatetimeLikeArrayMixin._concat_same_type(cls,to_concat,axis)"
pandas/core/arrays/datetimelike.py,665,"pandas.core.arrays.datetimelike$DatetimeLikeArrayMixin._concat_same_type(cls,to_concat,axis)"
pandas/core/arrays/datetimelike.py,666,"pandas.core.arrays.datetimelike$DatetimeLikeArrayMixin._concat_same_type(cls,to_concat,axis)"
pandas/core/arrays/datetimelike.py,667,"pandas.core.arrays.datetimelike$DatetimeLikeArrayMixin._concat_same_type(cls,to_concat,axis)"
pandas/core/arrays/datetimelike.py,668,"pandas.core.arrays.datetimelike$DatetimeLikeArrayMixin._concat_same_type(cls,to_concat,axis)"
pandas/core/arrays/datetimelike.py,669,"pandas.core.arrays.datetimelike$DatetimeLikeArrayMixin._concat_same_type(cls,to_concat,axis)"
pandas/core/arrays/datetimelike.py,670,"pandas.core.arrays.datetimelike$DatetimeLikeArrayMixin._concat_same_type(cls,to_concat,axis)"
pandas/core/arrays/datetimelike.py,671,"pandas.core.arrays.datetimelike$DatetimeLikeArrayMixin._concat_same_type(cls,to_concat,axis)"
pandas/core/arrays/datetimelike.py,672,"pandas.core.arrays.datetimelike$DatetimeLikeArrayMixin._concat_same_type(cls,to_concat,axis)"
pandas/core/arrays/datetimelike.py,673,"pandas.core.arrays.datetimelike$DatetimeLikeArrayMixin._concat_same_type(cls,to_concat,axis)"
pandas/core/arrays/datetimelike.py,674,"pandas.core.arrays.datetimelike$DatetimeLikeArrayMixin._concat_same_type(cls,to_concat,axis)"
pandas/core/arrays/datetimelike.py,675,"pandas.core.arrays.datetimelike$DatetimeLikeArrayMixin._concat_same_type(cls,to_concat,axis)"
pandas/core/arrays/datetimelike.py,676,"pandas.core.arrays.datetimelike$DatetimeLikeArrayMixin._concat_same_type(cls,to_concat,axis)"
pandas/core/arrays/datetimelike.py,677,"pandas.core.arrays.datetimelike$DatetimeLikeArrayMixin._concat_same_type(cls,to_concat,axis)"
pandas/core/arrays/datetimelike.py,678,"pandas.core.arrays.datetimelike$DatetimeLikeArrayMixin._concat_same_type(cls,to_concat,axis)"
pandas/core/arrays/datetimelike.py,679,"pandas.core.arrays.datetimelike$DatetimeLikeArrayMixin._concat_same_type(cls,to_concat,axis)"
pandas/core/arrays/datetimelike.py,680,"pandas.core.arrays.datetimelike$DatetimeLikeArrayMixin._concat_same_type(cls,to_concat,axis)"
pandas/core/arrays/datetimelike.py,681,
pandas/core/arrays/datetimelike.py,682,pandas.core.arrays.datetimelike$DatetimeLikeArrayMixin.copy(self)
pandas/core/arrays/datetimelike.py,683,pandas.core.arrays.datetimelike$DatetimeLikeArrayMixin.copy(self)
pandas/core/arrays/datetimelike.py,684,pandas.core.arrays.datetimelike$DatetimeLikeArrayMixin.copy(self)
pandas/core/arrays/datetimelike.py,685,
pandas/core/arrays/datetimelike.py,686,pandas.core.arrays.datetimelike$DatetimeLikeArrayMixin._values_for_factorize(self)
pandas/core/arrays/datetimelike.py,687,pandas.core.arrays.datetimelike$DatetimeLikeArrayMixin._values_for_factorize(self)
pandas/core/arrays/datetimelike.py,688,
pandas/core/arrays/datetimelike.py,689,"pandas.core.arrays.datetimelike$DatetimeLikeArrayMixin._from_factorized(cls,values,original)"
pandas/core/arrays/datetimelike.py,690,"pandas.core.arrays.datetimelike$DatetimeLikeArrayMixin._from_factorized(cls,values,original)"
pandas/core/arrays/datetimelike.py,691,"pandas.core.arrays.datetimelike$DatetimeLikeArrayMixin._from_factorized(cls,values,original)"
pandas/core/arrays/datetimelike.py,692,
pandas/core/arrays/datetimelike.py,693,pandas.core.arrays.datetimelike$DatetimeLikeArrayMixin._values_for_argsort(self)
pandas/core/arrays/datetimelike.py,694,pandas.core.arrays.datetimelike$DatetimeLikeArrayMixin._values_for_argsort(self)
pandas/core/arrays/datetimelike.py,695,
pandas/core/arrays/datetimelike.py,696,"pandas.core.arrays.datetimelike$DatetimeLikeArrayMixin.shift(self,periods,fill_value,axis)"
pandas/core/arrays/datetimelike.py,697,"pandas.core.arrays.datetimelike$DatetimeLikeArrayMixin.shift(self,periods,fill_value,axis)"
pandas/core/arrays/datetimelike.py,698,"pandas.core.arrays.datetimelike$DatetimeLikeArrayMixin.shift(self,periods,fill_value,axis)"
pandas/core/arrays/datetimelike.py,699,"pandas.core.arrays.datetimelike$DatetimeLikeArrayMixin.shift(self,periods,fill_value,axis)"
pandas/core/arrays/datetimelike.py,701,"pandas.core.arrays.datetimelike$DatetimeLikeArrayMixin.shift(self,periods,fill_value,axis)"
pandas/core/arrays/datetimelike.py,702,"pandas.core.arrays.datetimelike$DatetimeLikeArrayMixin.shift(self,periods,fill_value,axis)"
pandas/core/arrays/datetimelike.py,704,"pandas.core.arrays.datetimelike$DatetimeLikeArrayMixin.shift(self,periods,fill_value,axis)"
pandas/core/arrays/datetimelike.py,706,
pandas/core/arrays/datetimelike.py,707,
pandas/core/arrays/datetimelike.py,708,
pandas/core/arrays/datetimelike.py,710,"pandas.core.arrays.datetimelike$DatetimeLikeArrayMixin._validate_fill_value(self,fill_value)"
pandas/core/arrays/datetimelike.py,711,"pandas.core.arrays.datetimelike$DatetimeLikeArrayMixin._validate_fill_value(self,fill_value)"
pandas/core/arrays/datetimelike.py,712,"pandas.core.arrays.datetimelike$DatetimeLikeArrayMixin._validate_fill_value(self,fill_value)"
pandas/core/arrays/datetimelike.py,713,"pandas.core.arrays.datetimelike$DatetimeLikeArrayMixin._validate_fill_value(self,fill_value)"
pandas/core/arrays/datetimelike.py,717,"pandas.core.arrays.datetimelike$DatetimeLikeArrayMixin._validate_fill_value(self,fill_value)"
pandas/core/arrays/datetimelike.py,721,"pandas.core.arrays.datetimelike$DatetimeLikeArrayMixin._validate_fill_value(self,fill_value)"
pandas/core/arrays/datetimelike.py,722,"pandas.core.arrays.datetimelike$DatetimeLikeArrayMixin._validate_fill_value(self,fill_value)"
pandas/core/arrays/datetimelike.py,723,"pandas.core.arrays.datetimelike$DatetimeLikeArrayMixin._validate_fill_value(self,fill_value)"
pandas/core/arrays/datetimelike.py,724,"pandas.core.arrays.datetimelike$DatetimeLikeArrayMixin._validate_fill_value(self,fill_value)"
pandas/core/arrays/datetimelike.py,725,"pandas.core.arrays.datetimelike$DatetimeLikeArrayMixin._validate_fill_value(self,fill_value)"
pandas/core/arrays/datetimelike.py,727,"pandas.core.arrays.datetimelike$DatetimeLikeArrayMixin._validate_fill_value(self,fill_value)"
pandas/core/arrays/datetimelike.py,728,"pandas.core.arrays.datetimelike$DatetimeLikeArrayMixin._validate_fill_value(self,fill_value)"
pandas/core/arrays/datetimelike.py,729,"pandas.core.arrays.datetimelike$DatetimeLikeArrayMixin._validate_fill_value(self,fill_value)"
pandas/core/arrays/datetimelike.py,730,"pandas.core.arrays.datetimelike$DatetimeLikeArrayMixin._validate_fill_value(self,fill_value)"
pandas/core/arrays/datetimelike.py,731,"pandas.core.arrays.datetimelike$DatetimeLikeArrayMixin._validate_fill_value(self,fill_value)"
pandas/core/arrays/datetimelike.py,732,"pandas.core.arrays.datetimelike$DatetimeLikeArrayMixin._validate_fill_value(self,fill_value)"
pandas/core/arrays/datetimelike.py,733,"pandas.core.arrays.datetimelike$DatetimeLikeArrayMixin._validate_fill_value(self,fill_value)"
pandas/core/arrays/datetimelike.py,734,"pandas.core.arrays.datetimelike$DatetimeLikeArrayMixin._validate_fill_value(self,fill_value)"
pandas/core/arrays/datetimelike.py,735,"pandas.core.arrays.datetimelike$DatetimeLikeArrayMixin._validate_fill_value(self,fill_value)"
pandas/core/arrays/datetimelike.py,736,"pandas.core.arrays.datetimelike$DatetimeLikeArrayMixin._validate_fill_value(self,fill_value)"
pandas/core/arrays/datetimelike.py,737,"pandas.core.arrays.datetimelike$DatetimeLikeArrayMixin._validate_fill_value(self,fill_value)"
pandas/core/arrays/datetimelike.py,738,"pandas.core.arrays.datetimelike$DatetimeLikeArrayMixin._validate_fill_value(self,fill_value)"
pandas/core/arrays/datetimelike.py,739,
pandas/core/arrays/datetimelike.py,740,"pandas.core.arrays.datetimelike$DatetimeLikeArrayMixin._validate_shift_value(self,fill_value)"
pandas/core/arrays/datetimelike.py,741,"pandas.core.arrays.datetimelike$DatetimeLikeArrayMixin._validate_shift_value(self,fill_value)"
pandas/core/arrays/datetimelike.py,742,"pandas.core.arrays.datetimelike$DatetimeLikeArrayMixin._validate_shift_value(self,fill_value)"
pandas/core/arrays/datetimelike.py,743,"pandas.core.arrays.datetimelike$DatetimeLikeArrayMixin._validate_shift_value(self,fill_value)"
pandas/core/arrays/datetimelike.py,744,"pandas.core.arrays.datetimelike$DatetimeLikeArrayMixin._validate_shift_value(self,fill_value)"
pandas/core/arrays/datetimelike.py,745,"pandas.core.arrays.datetimelike$DatetimeLikeArrayMixin._validate_shift_value(self,fill_value)"
pandas/core/arrays/datetimelike.py,746,"pandas.core.arrays.datetimelike$DatetimeLikeArrayMixin._validate_shift_value(self,fill_value)"
pandas/core/arrays/datetimelike.py,747,"pandas.core.arrays.datetimelike$DatetimeLikeArrayMixin._validate_shift_value(self,fill_value)"
pandas/core/arrays/datetimelike.py,748,"pandas.core.arrays.datetimelike$DatetimeLikeArrayMixin._validate_shift_value(self,fill_value)"
pandas/core/arrays/datetimelike.py,749,"pandas.core.arrays.datetimelike$DatetimeLikeArrayMixin._validate_shift_value(self,fill_value)"
pandas/core/arrays/datetimelike.py,750,"pandas.core.arrays.datetimelike$DatetimeLikeArrayMixin._validate_shift_value(self,fill_value)"
pandas/core/arrays/datetimelike.py,751,"pandas.core.arrays.datetimelike$DatetimeLikeArrayMixin._validate_shift_value(self,fill_value)"
pandas/core/arrays/datetimelike.py,752,"pandas.core.arrays.datetimelike$DatetimeLikeArrayMixin._validate_shift_value(self,fill_value)"
pandas/core/arrays/datetimelike.py,753,"pandas.core.arrays.datetimelike$DatetimeLikeArrayMixin._validate_shift_value(self,fill_value)"
pandas/core/arrays/datetimelike.py,754,"pandas.core.arrays.datetimelike$DatetimeLikeArrayMixin._validate_shift_value(self,fill_value)"
pandas/core/arrays/datetimelike.py,755,"pandas.core.arrays.datetimelike$DatetimeLikeArrayMixin._validate_shift_value(self,fill_value)"
pandas/core/arrays/datetimelike.py,756,"pandas.core.arrays.datetimelike$DatetimeLikeArrayMixin._validate_shift_value(self,fill_value)"
pandas/core/arrays/datetimelike.py,757,"pandas.core.arrays.datetimelike$DatetimeLikeArrayMixin._validate_shift_value(self,fill_value)"
pandas/core/arrays/datetimelike.py,758,"pandas.core.arrays.datetimelike$DatetimeLikeArrayMixin._validate_shift_value(self,fill_value)"
pandas/core/arrays/datetimelike.py,759,"pandas.core.arrays.datetimelike$DatetimeLikeArrayMixin._validate_shift_value(self,fill_value)"
pandas/core/arrays/datetimelike.py,760,"pandas.core.arrays.datetimelike$DatetimeLikeArrayMixin._validate_shift_value(self,fill_value)"
pandas/core/arrays/datetimelike.py,761,"pandas.core.arrays.datetimelike$DatetimeLikeArrayMixin._validate_shift_value(self,fill_value)"
pandas/core/arrays/datetimelike.py,762,"pandas.core.arrays.datetimelike$DatetimeLikeArrayMixin._validate_shift_value(self,fill_value)"
pandas/core/arrays/datetimelike.py,763,"pandas.core.arrays.datetimelike$DatetimeLikeArrayMixin._validate_shift_value(self,fill_value)"
pandas/core/arrays/datetimelike.py,764,"pandas.core.arrays.datetimelike$DatetimeLikeArrayMixin._validate_shift_value(self,fill_value)"
pandas/core/arrays/datetimelike.py,766,"pandas.core.arrays.datetimelike$DatetimeLikeArrayMixin._validate_searchsorted_value(self,value)"
pandas/core/arrays/datetimelike.py,767,"pandas.core.arrays.datetimelike$DatetimeLikeArrayMixin._validate_searchsorted_value(self,value)"
pandas/core/arrays/datetimelike.py,769,"pandas.core.arrays.datetimelike$DatetimeLikeArrayMixin._validate_searchsorted_value(self,value)"
pandas/core/arrays/datetimelike.py,770,"pandas.core.arrays.datetimelike$DatetimeLikeArrayMixin._validate_searchsorted_value(self,value)"
pandas/core/arrays/datetimelike.py,771,"pandas.core.arrays.datetimelike$DatetimeLikeArrayMixin._validate_searchsorted_value(self,value)"
pandas/core/arrays/datetimelike.py,772,"pandas.core.arrays.datetimelike$DatetimeLikeArrayMixin._validate_searchsorted_value(self,value)"
pandas/core/arrays/datetimelike.py,773,"pandas.core.arrays.datetimelike$DatetimeLikeArrayMixin._validate_searchsorted_value(self,value)"
pandas/core/arrays/datetimelike.py,774,"pandas.core.arrays.datetimelike$DatetimeLikeArrayMixin._validate_searchsorted_value(self,value)"
pandas/core/arrays/datetimelike.py,775,"pandas.core.arrays.datetimelike$DatetimeLikeArrayMixin._validate_searchsorted_value(self,value)"
pandas/core/arrays/datetimelike.py,776,"pandas.core.arrays.datetimelike$DatetimeLikeArrayMixin._validate_searchsorted_value(self,value)"
pandas/core/arrays/datetimelike.py,777,"pandas.core.arrays.datetimelike$DatetimeLikeArrayMixin._validate_searchsorted_value(self,value)"
pandas/core/arrays/datetimelike.py,778,"pandas.core.arrays.datetimelike$DatetimeLikeArrayMixin._validate_searchsorted_value(self,value)"
pandas/core/arrays/datetimelike.py,779,"pandas.core.arrays.datetimelike$DatetimeLikeArrayMixin._validate_searchsorted_value(self,value)"
pandas/core/arrays/datetimelike.py,780,"pandas.core.arrays.datetimelike$DatetimeLikeArrayMixin._validate_searchsorted_value(self,value)"
pandas/core/arrays/datetimelike.py,781,"pandas.core.arrays.datetimelike$DatetimeLikeArrayMixin._validate_searchsorted_value(self,value)"
pandas/core/arrays/datetimelike.py,782,"pandas.core.arrays.datetimelike$DatetimeLikeArrayMixin._validate_searchsorted_value(self,value)"
pandas/core/arrays/datetimelike.py,783,"pandas.core.arrays.datetimelike$DatetimeLikeArrayMixin._validate_searchsorted_value(self,value)"
pandas/core/arrays/datetimelike.py,784,"pandas.core.arrays.datetimelike$DatetimeLikeArrayMixin._validate_searchsorted_value(self,value)"
pandas/core/arrays/datetimelike.py,785,"pandas.core.arrays.datetimelike$DatetimeLikeArrayMixin._validate_searchsorted_value(self,value)"
pandas/core/arrays/datetimelike.py,786,"pandas.core.arrays.datetimelike$DatetimeLikeArrayMixin._validate_searchsorted_value(self,value)"
pandas/core/arrays/datetimelike.py,787,"pandas.core.arrays.datetimelike$DatetimeLikeArrayMixin._validate_searchsorted_value(self,value)"
pandas/core/arrays/datetimelike.py,788,"pandas.core.arrays.datetimelike$DatetimeLikeArrayMixin._validate_searchsorted_value(self,value)"
pandas/core/arrays/datetimelike.py,789,"pandas.core.arrays.datetimelike$DatetimeLikeArrayMixin._validate_searchsorted_value(self,value)"
pandas/core/arrays/datetimelike.py,790,"pandas.core.arrays.datetimelike$DatetimeLikeArrayMixin._validate_searchsorted_value(self,value)"
pandas/core/arrays/datetimelike.py,791,"pandas.core.arrays.datetimelike$DatetimeLikeArrayMixin._validate_searchsorted_value(self,value)"
pandas/core/arrays/datetimelike.py,792,"pandas.core.arrays.datetimelike$DatetimeLikeArrayMixin._validate_searchsorted_value(self,value)"
pandas/core/arrays/datetimelike.py,793,"pandas.core.arrays.datetimelike$DatetimeLikeArrayMixin._validate_searchsorted_value(self,value)"
pandas/core/arrays/datetimelike.py,794,"pandas.core.arrays.datetimelike$DatetimeLikeArrayMixin._validate_searchsorted_value(self,value)"
pandas/core/arrays/datetimelike.py,795,"pandas.core.arrays.datetimelike$DatetimeLikeArrayMixin._validate_searchsorted_value(self,value)"
pandas/core/arrays/datetimelike.py,796,"pandas.core.arrays.datetimelike$DatetimeLikeArrayMixin._validate_searchsorted_value(self,value)"
pandas/core/arrays/datetimelike.py,797,"pandas.core.arrays.datetimelike$DatetimeLikeArrayMixin._validate_searchsorted_value(self,value)"
pandas/core/arrays/datetimelike.py,798,"pandas.core.arrays.datetimelike$DatetimeLikeArrayMixin._validate_searchsorted_value(self,value)"
pandas/core/arrays/datetimelike.py,799,"pandas.core.arrays.datetimelike$DatetimeLikeArrayMixin._validate_searchsorted_value(self,value)"
pandas/core/arrays/datetimelike.py,800,
pandas/core/arrays/datetimelike.py,801,"pandas.core.arrays.datetimelike$DatetimeLikeArrayMixin._validate_setitem_value(self,value)"
pandas/core/arrays/datetimelike.py,802,"pandas.core.arrays.datetimelike$DatetimeLikeArrayMixin._validate_setitem_value(self,value)"
pandas/core/arrays/datetimelike.py,803,"pandas.core.arrays.datetimelike$DatetimeLikeArrayMixin._validate_setitem_value(self,value)"
pandas/core/arrays/datetimelike.py,804,"pandas.core.arrays.datetimelike$DatetimeLikeArrayMixin._validate_setitem_value(self,value)"
pandas/core/arrays/datetimelike.py,805,"pandas.core.arrays.datetimelike$DatetimeLikeArrayMixin._validate_setitem_value(self,value)"
pandas/core/arrays/datetimelike.py,806,"pandas.core.arrays.datetimelike$DatetimeLikeArrayMixin._validate_setitem_value(self,value)"
pandas/core/arrays/datetimelike.py,807,"pandas.core.arrays.datetimelike$DatetimeLikeArrayMixin._validate_setitem_value(self,value)"
pandas/core/arrays/datetimelike.py,808,"pandas.core.arrays.datetimelike$DatetimeLikeArrayMixin._validate_setitem_value(self,value)"
pandas/core/arrays/datetimelike.py,809,"pandas.core.arrays.datetimelike$DatetimeLikeArrayMixin._validate_setitem_value(self,value)"
pandas/core/arrays/datetimelike.py,810,"pandas.core.arrays.datetimelike$DatetimeLikeArrayMixin._validate_setitem_value(self,value)"
pandas/core/arrays/datetimelike.py,811,"pandas.core.arrays.datetimelike$DatetimeLikeArrayMixin._validate_setitem_value(self,value)"
pandas/core/arrays/datetimelike.py,812,"pandas.core.arrays.datetimelike$DatetimeLikeArrayMixin._validate_setitem_value(self,value)"
pandas/core/arrays/datetimelike.py,813,"pandas.core.arrays.datetimelike$DatetimeLikeArrayMixin._validate_setitem_value(self,value)"
pandas/core/arrays/datetimelike.py,814,"pandas.core.arrays.datetimelike$DatetimeLikeArrayMixin._validate_setitem_value(self,value)"
pandas/core/arrays/datetimelike.py,815,"pandas.core.arrays.datetimelike$DatetimeLikeArrayMixin._validate_setitem_value(self,value)"
pandas/core/arrays/datetimelike.py,816,"pandas.core.arrays.datetimelike$DatetimeLikeArrayMixin._validate_setitem_value(self,value)"
pandas/core/arrays/datetimelike.py,817,"pandas.core.arrays.datetimelike$DatetimeLikeArrayMixin._validate_setitem_value(self,value)"
pandas/core/arrays/datetimelike.py,818,"pandas.core.arrays.datetimelike$DatetimeLikeArrayMixin._validate_setitem_value(self,value)"
pandas/core/arrays/datetimelike.py,819,"pandas.core.arrays.datetimelike$DatetimeLikeArrayMixin._validate_setitem_value(self,value)"
pandas/core/arrays/datetimelike.py,820,"pandas.core.arrays.datetimelike$DatetimeLikeArrayMixin._validate_setitem_value(self,value)"
pandas/core/arrays/datetimelike.py,821,"pandas.core.arrays.datetimelike$DatetimeLikeArrayMixin._validate_setitem_value(self,value)"
pandas/core/arrays/datetimelike.py,822,
pandas/core/arrays/datetimelike.py,823,"pandas.core.arrays.datetimelike$DatetimeLikeArrayMixin._validate_insert_value(self,value)"
pandas/core/arrays/datetimelike.py,824,"pandas.core.arrays.datetimelike$DatetimeLikeArrayMixin._validate_insert_value(self,value)"
pandas/core/arrays/datetimelike.py,825,"pandas.core.arrays.datetimelike$DatetimeLikeArrayMixin._validate_insert_value(self,value)"
pandas/core/arrays/datetimelike.py,826,"pandas.core.arrays.datetimelike$DatetimeLikeArrayMixin._validate_insert_value(self,value)"
pandas/core/arrays/datetimelike.py,827,"pandas.core.arrays.datetimelike$DatetimeLikeArrayMixin._validate_insert_value(self,value)"
pandas/core/arrays/datetimelike.py,828,"pandas.core.arrays.datetimelike$DatetimeLikeArrayMixin._validate_insert_value(self,value)"
pandas/core/arrays/datetimelike.py,829,"pandas.core.arrays.datetimelike$DatetimeLikeArrayMixin._validate_insert_value(self,value)"
pandas/core/arrays/datetimelike.py,830,"pandas.core.arrays.datetimelike$DatetimeLikeArrayMixin._validate_insert_value(self,value)"
pandas/core/arrays/datetimelike.py,831,"pandas.core.arrays.datetimelike$DatetimeLikeArrayMixin._validate_insert_value(self,value)"
pandas/core/arrays/datetimelike.py,832,"pandas.core.arrays.datetimelike$DatetimeLikeArrayMixin._validate_insert_value(self,value)"
pandas/core/arrays/datetimelike.py,833,"pandas.core.arrays.datetimelike$DatetimeLikeArrayMixin._validate_insert_value(self,value)"
pandas/core/arrays/datetimelike.py,834,"pandas.core.arrays.datetimelike$DatetimeLikeArrayMixin._validate_insert_value(self,value)"
pandas/core/arrays/datetimelike.py,835,"pandas.core.arrays.datetimelike$DatetimeLikeArrayMixin._validate_insert_value(self,value)"
pandas/core/arrays/datetimelike.py,836,"pandas.core.arrays.datetimelike$DatetimeLikeArrayMixin._validate_insert_value(self,value)"
pandas/core/arrays/datetimelike.py,837,"pandas.core.arrays.datetimelike$DatetimeLikeArrayMixin._validate_insert_value(self,value)"
pandas/core/arrays/datetimelike.py,839,"pandas.core.arrays.datetimelike$DatetimeLikeArrayMixin._validate_where_value(self,other)"
pandas/core/arrays/datetimelike.py,840,"pandas.core.arrays.datetimelike$DatetimeLikeArrayMixin._validate_where_value(self,other)"
pandas/core/arrays/datetimelike.py,841,"pandas.core.arrays.datetimelike$DatetimeLikeArrayMixin._validate_where_value(self,other)"
pandas/core/arrays/datetimelike.py,842,"pandas.core.arrays.datetimelike$DatetimeLikeArrayMixin._validate_where_value(self,other)"
pandas/core/arrays/datetimelike.py,843,"pandas.core.arrays.datetimelike$DatetimeLikeArrayMixin._validate_where_value(self,other)"
pandas/core/arrays/datetimelike.py,844,"pandas.core.arrays.datetimelike$DatetimeLikeArrayMixin._validate_where_value(self,other)"
pandas/core/arrays/datetimelike.py,845,"pandas.core.arrays.datetimelike$DatetimeLikeArrayMixin._validate_where_value(self,other)"
pandas/core/arrays/datetimelike.py,846,"pandas.core.arrays.datetimelike$DatetimeLikeArrayMixin._validate_where_value(self,other)"
pandas/core/arrays/datetimelike.py,848,"pandas.core.arrays.datetimelike$DatetimeLikeArrayMixin._validate_where_value(self,other)"
pandas/core/arrays/datetimelike.py,849,"pandas.core.arrays.datetimelike$DatetimeLikeArrayMixin._validate_where_value(self,other)"
pandas/core/arrays/datetimelike.py,850,"pandas.core.arrays.datetimelike$DatetimeLikeArrayMixin._validate_where_value(self,other)"
pandas/core/arrays/datetimelike.py,851,"pandas.core.arrays.datetimelike$DatetimeLikeArrayMixin._validate_where_value(self,other)"
pandas/core/arrays/datetimelike.py,852,"pandas.core.arrays.datetimelike$DatetimeLikeArrayMixin._validate_where_value(self,other)"
pandas/core/arrays/datetimelike.py,853,"pandas.core.arrays.datetimelike$DatetimeLikeArrayMixin._validate_where_value(self,other)"
pandas/core/arrays/datetimelike.py,854,"pandas.core.arrays.datetimelike$DatetimeLikeArrayMixin._validate_where_value(self,other)"
pandas/core/arrays/datetimelike.py,855,"pandas.core.arrays.datetimelike$DatetimeLikeArrayMixin._validate_where_value(self,other)"
pandas/core/arrays/datetimelike.py,856,"pandas.core.arrays.datetimelike$DatetimeLikeArrayMixin._validate_where_value(self,other)"
pandas/core/arrays/datetimelike.py,857,"pandas.core.arrays.datetimelike$DatetimeLikeArrayMixin._validate_where_value(self,other)"
pandas/core/arrays/datetimelike.py,858,"pandas.core.arrays.datetimelike$DatetimeLikeArrayMixin._validate_where_value(self,other)"
pandas/core/arrays/datetimelike.py,859,"pandas.core.arrays.datetimelike$DatetimeLikeArrayMixin._validate_where_value(self,other)"
pandas/core/arrays/datetimelike.py,860,"pandas.core.arrays.datetimelike$DatetimeLikeArrayMixin._validate_where_value(self,other)"
pandas/core/arrays/datetimelike.py,861,"pandas.core.arrays.datetimelike$DatetimeLikeArrayMixin._validate_where_value(self,other)"
pandas/core/arrays/datetimelike.py,862,"pandas.core.arrays.datetimelike$DatetimeLikeArrayMixin._validate_where_value(self,other)"
pandas/core/arrays/datetimelike.py,863,"pandas.core.arrays.datetimelike$DatetimeLikeArrayMixin._validate_where_value(self,other)"
pandas/core/arrays/datetimelike.py,864,"pandas.core.arrays.datetimelike$DatetimeLikeArrayMixin._validate_where_value(self,other)"
pandas/core/arrays/datetimelike.py,865,"pandas.core.arrays.datetimelike$DatetimeLikeArrayMixin._validate_where_value(self,other)"
pandas/core/arrays/datetimelike.py,866,"pandas.core.arrays.datetimelike$DatetimeLikeArrayMixin._validate_where_value(self,other)"
pandas/core/arrays/datetimelike.py,868,"pandas.core.arrays.datetimelike$DatetimeLikeArrayMixin._validate_where_value(self,other)"
pandas/core/arrays/datetimelike.py,870,
pandas/core/arrays/datetimelike.py,871,
pandas/core/arrays/datetimelike.py,872,
pandas/core/arrays/datetimelike.py,873,
pandas/core/arrays/datetimelike.py,875,"pandas.core.arrays.datetimelike$DatetimeLikeArrayMixin.searchsorted(self,value,side,sorter)"
pandas/core/arrays/datetimelike.py,877,"pandas.core.arrays.datetimelike$DatetimeLikeArrayMixin.searchsorted(self,value,side,sorter)"
pandas/core/arrays/datetimelike.py,878,"pandas.core.arrays.datetimelike$DatetimeLikeArrayMixin.searchsorted(self,value,side,sorter)"
pandas/core/arrays/datetimelike.py,879,"pandas.core.arrays.datetimelike$DatetimeLikeArrayMixin.searchsorted(self,value,side,sorter)"
pandas/core/arrays/datetimelike.py,880,"pandas.core.arrays.datetimelike$DatetimeLikeArrayMixin.searchsorted(self,value,side,sorter)"
pandas/core/arrays/datetimelike.py,881,"pandas.core.arrays.datetimelike$DatetimeLikeArrayMixin.searchsorted(self,value,side,sorter)"
pandas/core/arrays/datetimelike.py,885,"pandas.core.arrays.datetimelike$DatetimeLikeArrayMixin.searchsorted(self,value,side,sorter)"
pandas/core/arrays/datetimelike.py,886,"pandas.core.arrays.datetimelike$DatetimeLikeArrayMixin.searchsorted(self,value,side,sorter)"
pandas/core/arrays/datetimelike.py,887,"pandas.core.arrays.datetimelike$DatetimeLikeArrayMixin.searchsorted(self,value,side,sorter)"
pandas/core/arrays/datetimelike.py,888,"pandas.core.arrays.datetimelike$DatetimeLikeArrayMixin.searchsorted(self,value,side,sorter)"
pandas/core/arrays/datetimelike.py,889,"pandas.core.arrays.datetimelike$DatetimeLikeArrayMixin.searchsorted(self,value,side,sorter)"
pandas/core/arrays/datetimelike.py,890,"pandas.core.arrays.datetimelike$DatetimeLikeArrayMixin.searchsorted(self,value,side,sorter)"
pandas/core/arrays/datetimelike.py,891,"pandas.core.arrays.datetimelike$DatetimeLikeArrayMixin.searchsorted(self,value,side,sorter)"
pandas/core/arrays/datetimelike.py,892,"pandas.core.arrays.datetimelike$DatetimeLikeArrayMixin.searchsorted(self,value,side,sorter)"
pandas/core/arrays/datetimelike.py,893,"pandas.core.arrays.datetimelike$DatetimeLikeArrayMixin.searchsorted(self,value,side,sorter)"
pandas/core/arrays/datetimelike.py,897,"pandas.core.arrays.datetimelike$DatetimeLikeArrayMixin.searchsorted(self,value,side,sorter)"
pandas/core/arrays/datetimelike.py,898,"pandas.core.arrays.datetimelike$DatetimeLikeArrayMixin.searchsorted(self,value,side,sorter)"
pandas/core/arrays/datetimelike.py,900,"pandas.core.arrays.datetimelike$DatetimeLikeArrayMixin.searchsorted(self,value,side,sorter)"
pandas/core/arrays/datetimelike.py,902,"pandas.core.arrays.datetimelike$DatetimeLikeArrayMixin.searchsorted(self,value,side,sorter)"
pandas/core/arrays/datetimelike.py,903,"pandas.core.arrays.datetimelike$DatetimeLikeArrayMixin.searchsorted(self,value,side,sorter)"
pandas/core/arrays/datetimelike.py,905,"pandas.core.arrays.datetimelike$DatetimeLikeArrayMixin.value_counts(self,dropna)"
pandas/core/arrays/datetimelike.py,907,"pandas.core.arrays.datetimelike$DatetimeLikeArrayMixin.value_counts(self,dropna)"
pandas/core/arrays/datetimelike.py,911,"pandas.core.arrays.datetimelike$DatetimeLikeArrayMixin.value_counts(self,dropna)"
pandas/core/arrays/datetimelike.py,912,"pandas.core.arrays.datetimelike$DatetimeLikeArrayMixin.value_counts(self,dropna)"
pandas/core/arrays/datetimelike.py,914,"pandas.core.arrays.datetimelike$DatetimeLikeArrayMixin.value_counts(self,dropna)"
pandas/core/arrays/datetimelike.py,915,"pandas.core.arrays.datetimelike$DatetimeLikeArrayMixin.value_counts(self,dropna)"
pandas/core/arrays/datetimelike.py,916,"pandas.core.arrays.datetimelike$DatetimeLikeArrayMixin.value_counts(self,dropna)"
pandas/core/arrays/datetimelike.py,917,"pandas.core.arrays.datetimelike$DatetimeLikeArrayMixin.value_counts(self,dropna)"
pandas/core/arrays/datetimelike.py,918,"pandas.core.arrays.datetimelike$DatetimeLikeArrayMixin.value_counts(self,dropna)"
pandas/core/arrays/datetimelike.py,920,"pandas.core.arrays.datetimelike$DatetimeLikeArrayMixin.value_counts(self,dropna)"
pandas/core/arrays/datetimelike.py,921,"pandas.core.arrays.datetimelike$DatetimeLikeArrayMixin.value_counts(self,dropna)"
pandas/core/arrays/datetimelike.py,922,"pandas.core.arrays.datetimelike$DatetimeLikeArrayMixin.value_counts(self,dropna)"
pandas/core/arrays/datetimelike.py,923,"pandas.core.arrays.datetimelike$DatetimeLikeArrayMixin.value_counts(self,dropna)"
pandas/core/arrays/datetimelike.py,925,"pandas.core.arrays.datetimelike$DatetimeLikeArrayMixin.value_counts(self,dropna)"
pandas/core/arrays/datetimelike.py,927,"pandas.core.arrays.datetimelike$DatetimeLikeArrayMixin.value_counts(self,dropna)"
pandas/core/arrays/datetimelike.py,928,"pandas.core.arrays.datetimelike$DatetimeLikeArrayMixin.value_counts(self,dropna)"
pandas/core/arrays/datetimelike.py,929,"pandas.core.arrays.datetimelike$DatetimeLikeArrayMixin.value_counts(self,dropna)"
pandas/core/arrays/datetimelike.py,930,"pandas.core.arrays.datetimelike$DatetimeLikeArrayMixin.value_counts(self,dropna)"
pandas/core/arrays/datetimelike.py,931,"pandas.core.arrays.datetimelike$DatetimeLikeArrayMixin.value_counts(self,dropna)"
pandas/core/arrays/datetimelike.py,933,"pandas.core.arrays.datetimelike$DatetimeLikeArrayMixin.map(self,mapper)"
pandas/core/arrays/datetimelike.py,934,"pandas.core.arrays.datetimelike$DatetimeLikeArrayMixin.map(self,mapper)"
pandas/core/arrays/datetimelike.py,935,"pandas.core.arrays.datetimelike$DatetimeLikeArrayMixin.map(self,mapper)"
pandas/core/arrays/datetimelike.py,936,"pandas.core.arrays.datetimelike$DatetimeLikeArrayMixin.map(self,mapper)"
pandas/core/arrays/datetimelike.py,937,"pandas.core.arrays.datetimelike$DatetimeLikeArrayMixin.map(self,mapper)"
pandas/core/arrays/datetimelike.py,938,"pandas.core.arrays.datetimelike$DatetimeLikeArrayMixin.map(self,mapper)"
pandas/core/arrays/datetimelike.py,939,"pandas.core.arrays.datetimelike$DatetimeLikeArrayMixin.map(self,mapper)"
pandas/core/arrays/datetimelike.py,941,"pandas.core.arrays.datetimelike$DatetimeLikeArrayMixin.map(self,mapper)"
pandas/core/arrays/datetimelike.py,943,
pandas/core/arrays/datetimelike.py,944,
pandas/core/arrays/datetimelike.py,946,pandas.core.arrays.datetimelike$DatetimeLikeArrayMixin.isna(self)
pandas/core/arrays/datetimelike.py,947,pandas.core.arrays.datetimelike$DatetimeLikeArrayMixin.isna(self)
pandas/core/arrays/datetimelike.py,949,pandas.core.arrays.datetimelike$DatetimeLikeArrayMixin._isnan(self)
pandas/core/arrays/datetimelike.py,950,pandas.core.arrays.datetimelike$DatetimeLikeArrayMixin._isnan(self)
pandas/core/arrays/datetimelike.py,951,pandas.core.arrays.datetimelike$DatetimeLikeArrayMixin._isnan(self)
pandas/core/arrays/datetimelike.py,952,pandas.core.arrays.datetimelike$DatetimeLikeArrayMixin._isnan(self)
pandas/core/arrays/datetimelike.py,953,pandas.core.arrays.datetimelike$DatetimeLikeArrayMixin._isnan(self)
pandas/core/arrays/datetimelike.py,954,pandas.core.arrays.datetimelike$DatetimeLikeArrayMixin._isnan(self)
pandas/core/arrays/datetimelike.py,956,pandas.core.arrays.datetimelike$DatetimeLikeArrayMixin._hasnans(self)
pandas/core/arrays/datetimelike.py,957,pandas.core.arrays.datetimelike$DatetimeLikeArrayMixin._hasnans(self)
pandas/core/arrays/datetimelike.py,958,pandas.core.arrays.datetimelike$DatetimeLikeArrayMixin._hasnans(self)
pandas/core/arrays/datetimelike.py,959,pandas.core.arrays.datetimelike$DatetimeLikeArrayMixin._hasnans(self)
pandas/core/arrays/datetimelike.py,960,pandas.core.arrays.datetimelike$DatetimeLikeArrayMixin._hasnans(self)
pandas/core/arrays/datetimelike.py,961,pandas.core.arrays.datetimelike$DatetimeLikeArrayMixin._hasnans(self)
pandas/core/arrays/datetimelike.py,963,"pandas.core.arrays.datetimelike$DatetimeLikeArrayMixin._maybe_mask_results(self,result,fill_value,convert)"
pandas/core/arrays/datetimelike.py,964,"pandas.core.arrays.datetimelike$DatetimeLikeArrayMixin._maybe_mask_results(self,result,fill_value,convert)"
pandas/core/arrays/datetimelike.py,965,"pandas.core.arrays.datetimelike$DatetimeLikeArrayMixin._maybe_mask_results(self,result,fill_value,convert)"
pandas/core/arrays/datetimelike.py,966,"pandas.core.arrays.datetimelike$DatetimeLikeArrayMixin._maybe_mask_results(self,result,fill_value,convert)"
pandas/core/arrays/datetimelike.py,967,"pandas.core.arrays.datetimelike$DatetimeLikeArrayMixin._maybe_mask_results(self,result,fill_value,convert)"
pandas/core/arrays/datetimelike.py,968,"pandas.core.arrays.datetimelike$DatetimeLikeArrayMixin._maybe_mask_results(self,result,fill_value,convert)"
pandas/core/arrays/datetimelike.py,969,"pandas.core.arrays.datetimelike$DatetimeLikeArrayMixin._maybe_mask_results(self,result,fill_value,convert)"
pandas/core/arrays/datetimelike.py,971,"pandas.core.arrays.datetimelike$DatetimeLikeArrayMixin._maybe_mask_results(self,result,fill_value,convert)"
pandas/core/arrays/datetimelike.py,972,"pandas.core.arrays.datetimelike$DatetimeLikeArrayMixin._maybe_mask_results(self,result,fill_value,convert)"
pandas/core/arrays/datetimelike.py,973,"pandas.core.arrays.datetimelike$DatetimeLikeArrayMixin._maybe_mask_results(self,result,fill_value,convert)"
pandas/core/arrays/datetimelike.py,975,"pandas.core.arrays.datetimelike$DatetimeLikeArrayMixin._maybe_mask_results(self,result,fill_value,convert)"
pandas/core/arrays/datetimelike.py,976,"pandas.core.arrays.datetimelike$DatetimeLikeArrayMixin._maybe_mask_results(self,result,fill_value,convert)"
pandas/core/arrays/datetimelike.py,978,"pandas.core.arrays.datetimelike$DatetimeLikeArrayMixin._maybe_mask_results(self,result,fill_value,convert)"
pandas/core/arrays/datetimelike.py,979,"pandas.core.arrays.datetimelike$DatetimeLikeArrayMixin._maybe_mask_results(self,result,fill_value,convert)"
pandas/core/arrays/datetimelike.py,980,"pandas.core.arrays.datetimelike$DatetimeLikeArrayMixin._maybe_mask_results(self,result,fill_value,convert)"
pandas/core/arrays/datetimelike.py,981,"pandas.core.arrays.datetimelike$DatetimeLikeArrayMixin._maybe_mask_results(self,result,fill_value,convert)"
pandas/core/arrays/datetimelike.py,982,"pandas.core.arrays.datetimelike$DatetimeLikeArrayMixin._maybe_mask_results(self,result,fill_value,convert)"
pandas/core/arrays/datetimelike.py,983,"pandas.core.arrays.datetimelike$DatetimeLikeArrayMixin._maybe_mask_results(self,result,fill_value,convert)"
pandas/core/arrays/datetimelike.py,984,"pandas.core.arrays.datetimelike$DatetimeLikeArrayMixin._maybe_mask_results(self,result,fill_value,convert)"
pandas/core/arrays/datetimelike.py,985,"pandas.core.arrays.datetimelike$DatetimeLikeArrayMixin._maybe_mask_results(self,result,fill_value,convert)"
pandas/core/arrays/datetimelike.py,986,"pandas.core.arrays.datetimelike$DatetimeLikeArrayMixin._maybe_mask_results(self,result,fill_value,convert)"
pandas/core/arrays/datetimelike.py,987,
pandas/core/arrays/datetimelike.py,988,"pandas.core.arrays.datetimelike$DatetimeLikeArrayMixin.fillna(self,value,method,limit)"
pandas/core/arrays/datetimelike.py,989,"pandas.core.arrays.datetimelike$DatetimeLikeArrayMixin.fillna(self,value,method,limit)"
pandas/core/arrays/datetimelike.py,990,"pandas.core.arrays.datetimelike$DatetimeLikeArrayMixin.fillna(self,value,method,limit)"
pandas/core/arrays/datetimelike.py,991,"pandas.core.arrays.datetimelike$DatetimeLikeArrayMixin.fillna(self,value,method,limit)"
pandas/core/arrays/datetimelike.py,992,"pandas.core.arrays.datetimelike$DatetimeLikeArrayMixin.fillna(self,value,method,limit)"
pandas/core/arrays/datetimelike.py,993,"pandas.core.arrays.datetimelike$DatetimeLikeArrayMixin.fillna(self,value,method,limit)"
pandas/core/arrays/datetimelike.py,994,"pandas.core.arrays.datetimelike$DatetimeLikeArrayMixin.fillna(self,value,method,limit)"
pandas/core/arrays/datetimelike.py,995,"pandas.core.arrays.datetimelike$DatetimeLikeArrayMixin.fillna(self,value,method,limit)"
pandas/core/arrays/datetimelike.py,996,"pandas.core.arrays.datetimelike$DatetimeLikeArrayMixin.fillna(self,value,method,limit)"
pandas/core/arrays/datetimelike.py,997,"pandas.core.arrays.datetimelike$DatetimeLikeArrayMixin.fillna(self,value,method,limit)"
pandas/core/arrays/datetimelike.py,998,"pandas.core.arrays.datetimelike$DatetimeLikeArrayMixin.fillna(self,value,method,limit)"
pandas/core/arrays/datetimelike.py,999,"pandas.core.arrays.datetimelike$DatetimeLikeArrayMixin.fillna(self,value,method,limit)"
pandas/core/arrays/datetimelike.py,1000,"pandas.core.arrays.datetimelike$DatetimeLikeArrayMixin.fillna(self,value,method,limit)"
pandas/core/arrays/datetimelike.py,1001,"pandas.core.arrays.datetimelike$DatetimeLikeArrayMixin.fillna(self,value,method,limit)"
pandas/core/arrays/datetimelike.py,1002,"pandas.core.arrays.datetimelike$DatetimeLikeArrayMixin.fillna(self,value,method,limit)"
pandas/core/arrays/datetimelike.py,1003,"pandas.core.arrays.datetimelike$DatetimeLikeArrayMixin.fillna(self,value,method,limit)"
pandas/core/arrays/datetimelike.py,1004,"pandas.core.arrays.datetimelike$DatetimeLikeArrayMixin.fillna(self,value,method,limit)"
pandas/core/arrays/datetimelike.py,1005,"pandas.core.arrays.datetimelike$DatetimeLikeArrayMixin.fillna(self,value,method,limit)"
pandas/core/arrays/datetimelike.py,1006,"pandas.core.arrays.datetimelike$DatetimeLikeArrayMixin.fillna(self,value,method,limit)"
pandas/core/arrays/datetimelike.py,1007,"pandas.core.arrays.datetimelike$DatetimeLikeArrayMixin.fillna(self,value,method,limit)"
pandas/core/arrays/datetimelike.py,1008,"pandas.core.arrays.datetimelike$DatetimeLikeArrayMixin.fillna(self,value,method,limit)"
pandas/core/arrays/datetimelike.py,1009,"pandas.core.arrays.datetimelike$DatetimeLikeArrayMixin.fillna(self,value,method,limit)"
pandas/core/arrays/datetimelike.py,1010,"pandas.core.arrays.datetimelike$DatetimeLikeArrayMixin.fillna(self,value,method,limit)"
pandas/core/arrays/datetimelike.py,1011,"pandas.core.arrays.datetimelike$DatetimeLikeArrayMixin.fillna(self,value,method,limit)"
pandas/core/arrays/datetimelike.py,1012,"pandas.core.arrays.datetimelike$DatetimeLikeArrayMixin.fillna(self,value,method,limit)"
pandas/core/arrays/datetimelike.py,1013,"pandas.core.arrays.datetimelike$DatetimeLikeArrayMixin.fillna(self,value,method,limit)"
pandas/core/arrays/datetimelike.py,1014,"pandas.core.arrays.datetimelike$DatetimeLikeArrayMixin.fillna(self,value,method,limit)"
pandas/core/arrays/datetimelike.py,1015,"pandas.core.arrays.datetimelike$DatetimeLikeArrayMixin.fillna(self,value,method,limit)"
pandas/core/arrays/datetimelike.py,1016,"pandas.core.arrays.datetimelike$DatetimeLikeArrayMixin.fillna(self,value,method,limit)"
pandas/core/arrays/datetimelike.py,1017,"pandas.core.arrays.datetimelike$DatetimeLikeArrayMixin.fillna(self,value,method,limit)"
pandas/core/arrays/datetimelike.py,1018,"pandas.core.arrays.datetimelike$DatetimeLikeArrayMixin.fillna(self,value,method,limit)"
pandas/core/arrays/datetimelike.py,1019,"pandas.core.arrays.datetimelike$DatetimeLikeArrayMixin.fillna(self,value,method,limit)"
pandas/core/arrays/datetimelike.py,1020,"pandas.core.arrays.datetimelike$DatetimeLikeArrayMixin.fillna(self,value,method,limit)"
pandas/core/arrays/datetimelike.py,1021,"pandas.core.arrays.datetimelike$DatetimeLikeArrayMixin.fillna(self,value,method,limit)"
pandas/core/arrays/datetimelike.py,1022,"pandas.core.arrays.datetimelike$DatetimeLikeArrayMixin.fillna(self,value,method,limit)"
pandas/core/arrays/datetimelike.py,1023,"pandas.core.arrays.datetimelike$DatetimeLikeArrayMixin.fillna(self,value,method,limit)"
pandas/core/arrays/datetimelike.py,1024,"pandas.core.arrays.datetimelike$DatetimeLikeArrayMixin.fillna(self,value,method,limit)"
pandas/core/arrays/datetimelike.py,1025,"pandas.core.arrays.datetimelike$DatetimeLikeArrayMixin.fillna(self,value,method,limit)"
pandas/core/arrays/datetimelike.py,1026,"pandas.core.arrays.datetimelike$DatetimeLikeArrayMixin.fillna(self,value,method,limit)"
pandas/core/arrays/datetimelike.py,1027,"pandas.core.arrays.datetimelike$DatetimeLikeArrayMixin.fillna(self,value,method,limit)"
pandas/core/arrays/datetimelike.py,1028,"pandas.core.arrays.datetimelike$DatetimeLikeArrayMixin.fillna(self,value,method,limit)"
pandas/core/arrays/datetimelike.py,1029,"pandas.core.arrays.datetimelike$DatetimeLikeArrayMixin.fillna(self,value,method,limit)"
pandas/core/arrays/datetimelike.py,1030,"pandas.core.arrays.datetimelike$DatetimeLikeArrayMixin.fillna(self,value,method,limit)"
pandas/core/arrays/datetimelike.py,1031,"pandas.core.arrays.datetimelike$DatetimeLikeArrayMixin.fillna(self,value,method,limit)"
pandas/core/arrays/datetimelike.py,1032,"pandas.core.arrays.datetimelike$DatetimeLikeArrayMixin.fillna(self,value,method,limit)"
pandas/core/arrays/datetimelike.py,1033,"pandas.core.arrays.datetimelike$DatetimeLikeArrayMixin.fillna(self,value,method,limit)"
pandas/core/arrays/datetimelike.py,1035,
pandas/core/arrays/datetimelike.py,1036,
pandas/core/arrays/datetimelike.py,1041,pandas.core.arrays.datetimelike$DatetimeLikeArrayMixin.freq(self)
pandas/core/arrays/datetimelike.py,1043,pandas.core.arrays.datetimelike$DatetimeLikeArrayMixin.freq(self)
pandas/core/arrays/datetimelike.py,1044,
pandas/core/arrays/datetimelike.py,1045,"pandas.core.arrays.datetimelike$DatetimeLikeArrayMixin.freq(self,value)"
pandas/core/arrays/datetimelike.py,1046,"pandas.core.arrays.datetimelike$DatetimeLikeArrayMixin.freq(self,value)"
pandas/core/arrays/datetimelike.py,1047,"pandas.core.arrays.datetimelike$DatetimeLikeArrayMixin.freq(self,value)"
pandas/core/arrays/datetimelike.py,1048,"pandas.core.arrays.datetimelike$DatetimeLikeArrayMixin.freq(self,value)"
pandas/core/arrays/datetimelike.py,1049,"pandas.core.arrays.datetimelike$DatetimeLikeArrayMixin.freq(self,value)"
pandas/core/arrays/datetimelike.py,1050,"pandas.core.arrays.datetimelike$DatetimeLikeArrayMixin.freq(self,value)"
pandas/core/arrays/datetimelike.py,1051,"pandas.core.arrays.datetimelike$DatetimeLikeArrayMixin.freq(self,value)"
pandas/core/arrays/datetimelike.py,1062,pandas.core.arrays.datetimelike$DatetimeLikeArrayMixin.inferred_freq(self)
pandas/core/arrays/datetimelike.py,1063,pandas.core.arrays.datetimelike$DatetimeLikeArrayMixin.inferred_freq(self)
pandas/core/arrays/datetimelike.py,1064,pandas.core.arrays.datetimelike$DatetimeLikeArrayMixin.inferred_freq(self)
pandas/core/arrays/datetimelike.py,1065,pandas.core.arrays.datetimelike$DatetimeLikeArrayMixin.inferred_freq(self)
pandas/core/arrays/datetimelike.py,1066,pandas.core.arrays.datetimelike$DatetimeLikeArrayMixin.inferred_freq(self)
pandas/core/arrays/datetimelike.py,1067,pandas.core.arrays.datetimelike$DatetimeLikeArrayMixin.inferred_freq(self)
pandas/core/arrays/datetimelike.py,1068,pandas.core.arrays.datetimelike$DatetimeLikeArrayMixin.inferred_freq(self)
pandas/core/arrays/datetimelike.py,1069,pandas.core.arrays.datetimelike$DatetimeLikeArrayMixin.inferred_freq(self)
pandas/core/arrays/datetimelike.py,1070,pandas.core.arrays.datetimelike$DatetimeLikeArrayMixin.inferred_freq(self)
pandas/core/arrays/datetimelike.py,1071,pandas.core.arrays.datetimelike$DatetimeLikeArrayMixin.inferred_freq(self)
pandas/core/arrays/datetimelike.py,1072,pandas.core.arrays.datetimelike$DatetimeLikeArrayMixin.inferred_freq(self)
pandas/core/arrays/datetimelike.py,1073,pandas.core.arrays.datetimelike$DatetimeLikeArrayMixin.inferred_freq(self)
pandas/core/arrays/datetimelike.py,1074,pandas.core.arrays.datetimelike$DatetimeLikeArrayMixin.inferred_freq(self)
pandas/core/arrays/datetimelike.py,1075,
pandas/core/arrays/datetimelike.py,1076,pandas.core.arrays.datetimelike$DatetimeLikeArrayMixin._resolution(self)
pandas/core/arrays/datetimelike.py,1077,pandas.core.arrays.datetimelike$DatetimeLikeArrayMixin._resolution(self)
pandas/core/arrays/datetimelike.py,1078,pandas.core.arrays.datetimelike$DatetimeLikeArrayMixin._resolution(self)
pandas/core/arrays/datetimelike.py,1079,
pandas/core/arrays/datetimelike.py,1080,pandas.core.arrays.datetimelike$DatetimeLikeArrayMixin.resolution(self)
pandas/core/arrays/datetimelike.py,1081,pandas.core.arrays.datetimelike$DatetimeLikeArrayMixin.resolution(self)
pandas/core/arrays/datetimelike.py,1082,pandas.core.arrays.datetimelike$DatetimeLikeArrayMixin.resolution(self)
pandas/core/arrays/datetimelike.py,1083,pandas.core.arrays.datetimelike$DatetimeLikeArrayMixin.resolution(self)
pandas/core/arrays/datetimelike.py,1084,pandas.core.arrays.datetimelike$DatetimeLikeArrayMixin.resolution(self)
pandas/core/arrays/datetimelike.py,1085,pandas.core.arrays.datetimelike$DatetimeLikeArrayMixin.resolution(self)
pandas/core/arrays/datetimelike.py,1086,
pandas/core/arrays/datetimelike.py,1087,"pandas.core.arrays.datetimelike$DatetimeLikeArrayMixin._validate_frequency(cls,index,freq,**kwargs)"
pandas/core/arrays/datetimelike.py,1088,"pandas.core.arrays.datetimelike$DatetimeLikeArrayMixin._validate_frequency(cls,index,freq,**kwargs)"
pandas/core/arrays/datetimelike.py,1089,"pandas.core.arrays.datetimelike$DatetimeLikeArrayMixin._validate_frequency(cls,index,freq,**kwargs)"
pandas/core/arrays/datetimelike.py,1090,"pandas.core.arrays.datetimelike$DatetimeLikeArrayMixin._validate_frequency(cls,index,freq,**kwargs)"
pandas/core/arrays/datetimelike.py,1091,"pandas.core.arrays.datetimelike$DatetimeLikeArrayMixin._validate_frequency(cls,index,freq,**kwargs)"
pandas/core/arrays/datetimelike.py,1092,"pandas.core.arrays.datetimelike$DatetimeLikeArrayMixin._validate_frequency(cls,index,freq,**kwargs)"
pandas/core/arrays/datetimelike.py,1093,"pandas.core.arrays.datetimelike$DatetimeLikeArrayMixin._validate_frequency(cls,index,freq,**kwargs)"
pandas/core/arrays/datetimelike.py,1094,"pandas.core.arrays.datetimelike$DatetimeLikeArrayMixin._validate_frequency(cls,index,freq,**kwargs)"
pandas/core/arrays/datetimelike.py,1095,"pandas.core.arrays.datetimelike$DatetimeLikeArrayMixin._validate_frequency(cls,index,freq,**kwargs)"
pandas/core/arrays/datetimelike.py,1096,"pandas.core.arrays.datetimelike$DatetimeLikeArrayMixin._validate_frequency(cls,index,freq,**kwargs)"
pandas/core/arrays/datetimelike.py,1097,"pandas.core.arrays.datetimelike$DatetimeLikeArrayMixin._validate_frequency(cls,index,freq,**kwargs)"
pandas/core/arrays/datetimelike.py,1098,"pandas.core.arrays.datetimelike$DatetimeLikeArrayMixin._validate_frequency(cls,index,freq,**kwargs)"
pandas/core/arrays/datetimelike.py,1099,"pandas.core.arrays.datetimelike$DatetimeLikeArrayMixin._validate_frequency(cls,index,freq,**kwargs)"
pandas/core/arrays/datetimelike.py,1100,"pandas.core.arrays.datetimelike$DatetimeLikeArrayMixin._validate_frequency(cls,index,freq,**kwargs)"
pandas/core/arrays/datetimelike.py,1101,"pandas.core.arrays.datetimelike$DatetimeLikeArrayMixin._validate_frequency(cls,index,freq,**kwargs)"
pandas/core/arrays/datetimelike.py,1102,"pandas.core.arrays.datetimelike$DatetimeLikeArrayMixin._validate_frequency(cls,index,freq,**kwargs)"
pandas/core/arrays/datetimelike.py,1103,"pandas.core.arrays.datetimelike$DatetimeLikeArrayMixin._validate_frequency(cls,index,freq,**kwargs)"
pandas/core/arrays/datetimelike.py,1104,"pandas.core.arrays.datetimelike$DatetimeLikeArrayMixin._validate_frequency(cls,index,freq,**kwargs)"
pandas/core/arrays/datetimelike.py,1105,"pandas.core.arrays.datetimelike$DatetimeLikeArrayMixin._validate_frequency(cls,index,freq,**kwargs)"
pandas/core/arrays/datetimelike.py,1106,"pandas.core.arrays.datetimelike$DatetimeLikeArrayMixin._validate_frequency(cls,index,freq,**kwargs)"
pandas/core/arrays/datetimelike.py,1107,"pandas.core.arrays.datetimelike$DatetimeLikeArrayMixin._validate_frequency(cls,index,freq,**kwargs)"
pandas/core/arrays/datetimelike.py,1108,"pandas.core.arrays.datetimelike$DatetimeLikeArrayMixin._validate_frequency(cls,index,freq,**kwargs)"
pandas/core/arrays/datetimelike.py,1109,"pandas.core.arrays.datetimelike$DatetimeLikeArrayMixin._validate_frequency(cls,index,freq,**kwargs)"
pandas/core/arrays/datetimelike.py,1110,"pandas.core.arrays.datetimelike$DatetimeLikeArrayMixin._validate_frequency(cls,index,freq,**kwargs)"
pandas/core/arrays/datetimelike.py,1111,"pandas.core.arrays.datetimelike$DatetimeLikeArrayMixin._validate_frequency(cls,index,freq,**kwargs)"
pandas/core/arrays/datetimelike.py,1112,"pandas.core.arrays.datetimelike$DatetimeLikeArrayMixin._validate_frequency(cls,index,freq,**kwargs)"
pandas/core/arrays/datetimelike.py,1113,"pandas.core.arrays.datetimelike$DatetimeLikeArrayMixin._validate_frequency(cls,index,freq,**kwargs)"
pandas/core/arrays/datetimelike.py,1114,"pandas.core.arrays.datetimelike$DatetimeLikeArrayMixin._validate_frequency(cls,index,freq,**kwargs)"
pandas/core/arrays/datetimelike.py,1115,"pandas.core.arrays.datetimelike$DatetimeLikeArrayMixin._validate_frequency(cls,index,freq,**kwargs)"
pandas/core/arrays/datetimelike.py,1116,"pandas.core.arrays.datetimelike$DatetimeLikeArrayMixin._validate_frequency(cls,index,freq,**kwargs)"
pandas/core/arrays/datetimelike.py,1117,"pandas.core.arrays.datetimelike$DatetimeLikeArrayMixin._validate_frequency(cls,index,freq,**kwargs)"
pandas/core/arrays/datetimelike.py,1118,"pandas.core.arrays.datetimelike$DatetimeLikeArrayMixin._validate_frequency(cls,index,freq,**kwargs)"
pandas/core/arrays/datetimelike.py,1119,"pandas.core.arrays.datetimelike$DatetimeLikeArrayMixin._validate_frequency(cls,index,freq,**kwargs)"
pandas/core/arrays/datetimelike.py,1120,"pandas.core.arrays.datetimelike$DatetimeLikeArrayMixin._validate_frequency(cls,index,freq,**kwargs)"
pandas/core/arrays/datetimelike.py,1121,"pandas.core.arrays.datetimelike$DatetimeLikeArrayMixin._validate_frequency(cls,index,freq,**kwargs)"
pandas/core/arrays/datetimelike.py,1122,"pandas.core.arrays.datetimelike$DatetimeLikeArrayMixin._validate_frequency(cls,index,freq,**kwargs)"
pandas/core/arrays/datetimelike.py,1123,"pandas.core.arrays.datetimelike$DatetimeLikeArrayMixin._validate_frequency(cls,index,freq,**kwargs)"
pandas/core/arrays/datetimelike.py,1124,"pandas.core.arrays.datetimelike$DatetimeLikeArrayMixin._validate_frequency(cls,index,freq,**kwargs)"
pandas/core/arrays/datetimelike.py,1125,"pandas.core.arrays.datetimelike$DatetimeLikeArrayMixin._validate_frequency(cls,index,freq,**kwargs)"
pandas/core/arrays/datetimelike.py,1126,"pandas.core.arrays.datetimelike$DatetimeLikeArrayMixin._validate_frequency(cls,index,freq,**kwargs)"
pandas/core/arrays/datetimelike.py,1127,"pandas.core.arrays.datetimelike$DatetimeLikeArrayMixin._validate_frequency(cls,index,freq,**kwargs)"
pandas/core/arrays/datetimelike.py,1128,
pandas/core/arrays/datetimelike.py,1129,
pandas/core/arrays/datetimelike.py,1130,
pandas/core/arrays/datetimelike.py,1131,
pandas/core/arrays/datetimelike.py,1132,pandas.core.arrays.datetimelike$DatetimeLikeArrayMixin._is_monotonic_increasing(self)
pandas/core/arrays/datetimelike.py,1133,pandas.core.arrays.datetimelike$DatetimeLikeArrayMixin._is_monotonic_increasing(self)
pandas/core/arrays/datetimelike.py,1134,pandas.core.arrays.datetimelike$DatetimeLikeArrayMixin._is_monotonic_increasing(self)
pandas/core/arrays/datetimelike.py,1135,
pandas/core/arrays/datetimelike.py,1136,pandas.core.arrays.datetimelike$DatetimeLikeArrayMixin._is_monotonic_decreasing(self)
pandas/core/arrays/datetimelike.py,1137,pandas.core.arrays.datetimelike$DatetimeLikeArrayMixin._is_monotonic_decreasing(self)
pandas/core/arrays/datetimelike.py,1138,pandas.core.arrays.datetimelike$DatetimeLikeArrayMixin._is_monotonic_decreasing(self)
pandas/core/arrays/datetimelike.py,1139,
pandas/core/arrays/datetimelike.py,1140,pandas.core.arrays.datetimelike$DatetimeLikeArrayMixin._is_unique(self)
pandas/core/arrays/datetimelike.py,1141,pandas.core.arrays.datetimelike$DatetimeLikeArrayMixin._is_unique(self)
pandas/core/arrays/datetimelike.py,1142,pandas.core.arrays.datetimelike$DatetimeLikeArrayMixin._is_unique(self)
pandas/core/arrays/datetimelike.py,1143,
pandas/core/arrays/datetimelike.py,1144,
pandas/core/arrays/datetimelike.py,1145,
pandas/core/arrays/datetimelike.py,1146,
pandas/core/arrays/datetimelike.py,1147,
pandas/core/arrays/datetimelike.py,1148,
pandas/core/arrays/datetimelike.py,1149,
pandas/core/arrays/datetimelike.py,1150,
pandas/core/arrays/datetimelike.py,1151,
pandas/core/arrays/datetimelike.py,1152,
pandas/core/arrays/datetimelike.py,1153,
pandas/core/arrays/datetimelike.py,1154,
pandas/core/arrays/datetimelike.py,1155,
pandas/core/arrays/datetimelike.py,1156,
pandas/core/arrays/datetimelike.py,1157,
pandas/core/arrays/datetimelike.py,1158,
pandas/core/arrays/datetimelike.py,1159,
pandas/core/arrays/datetimelike.py,1160,
pandas/core/arrays/datetimelike.py,1161,
pandas/core/arrays/datetimelike.py,1162,
pandas/core/arrays/datetimelike.py,1163,"pandas.core.arrays.datetimelike$DatetimeLikeArrayMixin._add_datetimelike_scalar(self,other)"
pandas/core/arrays/datetimelike.py,1164,"pandas.core.arrays.datetimelike$DatetimeLikeArrayMixin._add_datetimelike_scalar(self,other)"
pandas/core/arrays/datetimelike.py,1165,"pandas.core.arrays.datetimelike$DatetimeLikeArrayMixin._add_datetimelike_scalar(self,other)"
pandas/core/arrays/datetimelike.py,1166,
pandas/core/arrays/datetimelike.py,1167,
pandas/core/arrays/datetimelike.py,1168,
pandas/core/arrays/datetimelike.py,1169,"pandas.core.arrays.datetimelike$DatetimeLikeArrayMixin._sub_datetimelike_scalar(self,other)"
pandas/core/arrays/datetimelike.py,1170,"pandas.core.arrays.datetimelike$DatetimeLikeArrayMixin._sub_datetimelike_scalar(self,other)"
pandas/core/arrays/datetimelike.py,1171,"pandas.core.arrays.datetimelike$DatetimeLikeArrayMixin._sub_datetimelike_scalar(self,other)"
pandas/core/arrays/datetimelike.py,1172,"pandas.core.arrays.datetimelike$DatetimeLikeArrayMixin._sub_datetimelike_scalar(self,other)"
pandas/core/arrays/datetimelike.py,1173,
pandas/core/arrays/datetimelike.py,1174,
pandas/core/arrays/datetimelike.py,1175,
pandas/core/arrays/datetimelike.py,1176,"pandas.core.arrays.datetimelike$DatetimeLikeArrayMixin._sub_period(self,other)"
pandas/core/arrays/datetimelike.py,1177,"pandas.core.arrays.datetimelike$DatetimeLikeArrayMixin._sub_period(self,other)"
pandas/core/arrays/datetimelike.py,1178,"pandas.core.arrays.datetimelike$DatetimeLikeArrayMixin._sub_period(self,other)"
pandas/core/arrays/datetimelike.py,1179,
pandas/core/arrays/datetimelike.py,1180,"pandas.core.arrays.datetimelike$DatetimeLikeArrayMixin._add_offset(self,offset)"
pandas/core/arrays/datetimelike.py,1181,"pandas.core.arrays.datetimelike$DatetimeLikeArrayMixin._add_offset(self,offset)"
pandas/core/arrays/datetimelike.py,1182,
pandas/core/arrays/datetimelike.py,1183,"pandas.core.arrays.datetimelike$DatetimeLikeArrayMixin._add_timedeltalike_scalar(self,other)"
pandas/core/arrays/datetimelike.py,1184,"pandas.core.arrays.datetimelike$DatetimeLikeArrayMixin._add_timedeltalike_scalar(self,other)"
pandas/core/arrays/datetimelike.py,1185,"pandas.core.arrays.datetimelike$DatetimeLikeArrayMixin._add_timedeltalike_scalar(self,other)"
pandas/core/arrays/datetimelike.py,1186,"pandas.core.arrays.datetimelike$DatetimeLikeArrayMixin._add_timedeltalike_scalar(self,other)"
pandas/core/arrays/datetimelike.py,1187,"pandas.core.arrays.datetimelike$DatetimeLikeArrayMixin._add_timedeltalike_scalar(self,other)"
pandas/core/arrays/datetimelike.py,1188,"pandas.core.arrays.datetimelike$DatetimeLikeArrayMixin._add_timedeltalike_scalar(self,other)"
pandas/core/arrays/datetimelike.py,1189,"pandas.core.arrays.datetimelike$DatetimeLikeArrayMixin._add_timedeltalike_scalar(self,other)"
pandas/core/arrays/datetimelike.py,1190,"pandas.core.arrays.datetimelike$DatetimeLikeArrayMixin._add_timedeltalike_scalar(self,other)"
pandas/core/arrays/datetimelike.py,1191,"pandas.core.arrays.datetimelike$DatetimeLikeArrayMixin._add_timedeltalike_scalar(self,other)"
pandas/core/arrays/datetimelike.py,1192,"pandas.core.arrays.datetimelike$DatetimeLikeArrayMixin._add_timedeltalike_scalar(self,other)"
pandas/core/arrays/datetimelike.py,1193,"pandas.core.arrays.datetimelike$DatetimeLikeArrayMixin._add_timedeltalike_scalar(self,other)"
pandas/core/arrays/datetimelike.py,1194,"pandas.core.arrays.datetimelike$DatetimeLikeArrayMixin._add_timedeltalike_scalar(self,other)"
pandas/core/arrays/datetimelike.py,1195,"pandas.core.arrays.datetimelike$DatetimeLikeArrayMixin._add_timedeltalike_scalar(self,other)"
pandas/core/arrays/datetimelike.py,1196,"pandas.core.arrays.datetimelike$DatetimeLikeArrayMixin._add_timedeltalike_scalar(self,other)"
pandas/core/arrays/datetimelike.py,1197,"pandas.core.arrays.datetimelike$DatetimeLikeArrayMixin._add_timedeltalike_scalar(self,other)"
pandas/core/arrays/datetimelike.py,1198,"pandas.core.arrays.datetimelike$DatetimeLikeArrayMixin._add_timedeltalike_scalar(self,other)"
pandas/core/arrays/datetimelike.py,1199,"pandas.core.arrays.datetimelike$DatetimeLikeArrayMixin._add_timedeltalike_scalar(self,other)"
pandas/core/arrays/datetimelike.py,1200,"pandas.core.arrays.datetimelike$DatetimeLikeArrayMixin._add_timedeltalike_scalar(self,other)"
pandas/core/arrays/datetimelike.py,1201,"pandas.core.arrays.datetimelike$DatetimeLikeArrayMixin._add_timedeltalike_scalar(self,other)"
pandas/core/arrays/datetimelike.py,1202,"pandas.core.arrays.datetimelike$DatetimeLikeArrayMixin._add_timedeltalike_scalar(self,other)"
pandas/core/arrays/datetimelike.py,1203,"pandas.core.arrays.datetimelike$DatetimeLikeArrayMixin._add_timedeltalike_scalar(self,other)"
pandas/core/arrays/datetimelike.py,1204,"pandas.core.arrays.datetimelike$DatetimeLikeArrayMixin._add_timedeltalike_scalar(self,other)"
pandas/core/arrays/datetimelike.py,1205,"pandas.core.arrays.datetimelike$DatetimeLikeArrayMixin._add_timedeltalike_scalar(self,other)"
pandas/core/arrays/datetimelike.py,1206,"pandas.core.arrays.datetimelike$DatetimeLikeArrayMixin._add_timedeltalike_scalar(self,other)"
pandas/core/arrays/datetimelike.py,1207,"pandas.core.arrays.datetimelike$DatetimeLikeArrayMixin._add_timedeltalike_scalar(self,other)"
pandas/core/arrays/datetimelike.py,1208,"pandas.core.arrays.datetimelike$DatetimeLikeArrayMixin._add_timedeltalike_scalar(self,other)"
pandas/core/arrays/datetimelike.py,1210,"pandas.core.arrays.datetimelike$DatetimeLikeArrayMixin._add_timedelta_arraylike(self,other)"
pandas/core/arrays/datetimelike.py,1211,"pandas.core.arrays.datetimelike$DatetimeLikeArrayMixin._add_timedelta_arraylike(self,other)"
pandas/core/arrays/datetimelike.py,1212,"pandas.core.arrays.datetimelike$DatetimeLikeArrayMixin._add_timedelta_arraylike(self,other)"
pandas/core/arrays/datetimelike.py,1214,"pandas.core.arrays.datetimelike$DatetimeLikeArrayMixin._add_timedelta_arraylike(self,other)"
pandas/core/arrays/datetimelike.py,1215,"pandas.core.arrays.datetimelike$DatetimeLikeArrayMixin._add_timedelta_arraylike(self,other)"
pandas/core/arrays/datetimelike.py,1216,"pandas.core.arrays.datetimelike$DatetimeLikeArrayMixin._add_timedelta_arraylike(self,other)"
pandas/core/arrays/datetimelike.py,1217,"pandas.core.arrays.datetimelike$DatetimeLikeArrayMixin._add_timedelta_arraylike(self,other)"
pandas/core/arrays/datetimelike.py,1218,"pandas.core.arrays.datetimelike$DatetimeLikeArrayMixin._add_timedelta_arraylike(self,other)"
pandas/core/arrays/datetimelike.py,1219,"pandas.core.arrays.datetimelike$DatetimeLikeArrayMixin._add_timedelta_arraylike(self,other)"
pandas/core/arrays/datetimelike.py,1220,"pandas.core.arrays.datetimelike$DatetimeLikeArrayMixin._add_timedelta_arraylike(self,other)"
pandas/core/arrays/datetimelike.py,1221,"pandas.core.arrays.datetimelike$DatetimeLikeArrayMixin._add_timedelta_arraylike(self,other)"
pandas/core/arrays/datetimelike.py,1223,"pandas.core.arrays.datetimelike$DatetimeLikeArrayMixin._add_timedelta_arraylike(self,other)"
pandas/core/arrays/datetimelike.py,1224,"pandas.core.arrays.datetimelike$DatetimeLikeArrayMixin._add_timedelta_arraylike(self,other)"
pandas/core/arrays/datetimelike.py,1225,"pandas.core.arrays.datetimelike$DatetimeLikeArrayMixin._add_timedelta_arraylike(self,other)"
pandas/core/arrays/datetimelike.py,1227,"pandas.core.arrays.datetimelike$DatetimeLikeArrayMixin._add_timedelta_arraylike(self,other)"
pandas/core/arrays/datetimelike.py,1229,"pandas.core.arrays.datetimelike$DatetimeLikeArrayMixin._add_timedelta_arraylike(self,other)"
pandas/core/arrays/datetimelike.py,1230,"pandas.core.arrays.datetimelike$DatetimeLikeArrayMixin._add_timedelta_arraylike(self,other)"
pandas/core/arrays/datetimelike.py,1231,"pandas.core.arrays.datetimelike$DatetimeLikeArrayMixin._add_timedelta_arraylike(self,other)"
pandas/core/arrays/datetimelike.py,1232,"pandas.core.arrays.datetimelike$DatetimeLikeArrayMixin._add_timedelta_arraylike(self,other)"
pandas/core/arrays/datetimelike.py,1233,"pandas.core.arrays.datetimelike$DatetimeLikeArrayMixin._add_timedelta_arraylike(self,other)"
pandas/core/arrays/datetimelike.py,1234,"pandas.core.arrays.datetimelike$DatetimeLikeArrayMixin._add_timedelta_arraylike(self,other)"
pandas/core/arrays/datetimelike.py,1235,"pandas.core.arrays.datetimelike$DatetimeLikeArrayMixin._add_timedelta_arraylike(self,other)"
pandas/core/arrays/datetimelike.py,1236,"pandas.core.arrays.datetimelike$DatetimeLikeArrayMixin._add_timedelta_arraylike(self,other)"
pandas/core/arrays/datetimelike.py,1238,"pandas.core.arrays.datetimelike$DatetimeLikeArrayMixin._add_timedelta_arraylike(self,other)"
pandas/core/arrays/datetimelike.py,1240,pandas.core.arrays.datetimelike$DatetimeLikeArrayMixin._add_nat(self)
pandas/core/arrays/datetimelike.py,1242,pandas.core.arrays.datetimelike$DatetimeLikeArrayMixin._add_nat(self)
pandas/core/arrays/datetimelike.py,1243,pandas.core.arrays.datetimelike$DatetimeLikeArrayMixin._add_nat(self)
pandas/core/arrays/datetimelike.py,1244,pandas.core.arrays.datetimelike$DatetimeLikeArrayMixin._add_nat(self)
pandas/core/arrays/datetimelike.py,1245,pandas.core.arrays.datetimelike$DatetimeLikeArrayMixin._add_nat(self)
pandas/core/arrays/datetimelike.py,1246,pandas.core.arrays.datetimelike$DatetimeLikeArrayMixin._add_nat(self)
pandas/core/arrays/datetimelike.py,1247,pandas.core.arrays.datetimelike$DatetimeLikeArrayMixin._add_nat(self)
pandas/core/arrays/datetimelike.py,1248,pandas.core.arrays.datetimelike$DatetimeLikeArrayMixin._add_nat(self)
pandas/core/arrays/datetimelike.py,1249,pandas.core.arrays.datetimelike$DatetimeLikeArrayMixin._add_nat(self)
pandas/core/arrays/datetimelike.py,1250,pandas.core.arrays.datetimelike$DatetimeLikeArrayMixin._add_nat(self)
pandas/core/arrays/datetimelike.py,1251,pandas.core.arrays.datetimelike$DatetimeLikeArrayMixin._add_nat(self)
pandas/core/arrays/datetimelike.py,1252,pandas.core.arrays.datetimelike$DatetimeLikeArrayMixin._add_nat(self)
pandas/core/arrays/datetimelike.py,1253,pandas.core.arrays.datetimelike$DatetimeLikeArrayMixin._add_nat(self)
pandas/core/arrays/datetimelike.py,1255,pandas.core.arrays.datetimelike$DatetimeLikeArrayMixin._sub_nat(self)
pandas/core/arrays/datetimelike.py,1256,pandas.core.arrays.datetimelike$DatetimeLikeArrayMixin._sub_nat(self)
pandas/core/arrays/datetimelike.py,1257,pandas.core.arrays.datetimelike$DatetimeLikeArrayMixin._sub_nat(self)
pandas/core/arrays/datetimelike.py,1258,pandas.core.arrays.datetimelike$DatetimeLikeArrayMixin._sub_nat(self)
pandas/core/arrays/datetimelike.py,1259,pandas.core.arrays.datetimelike$DatetimeLikeArrayMixin._sub_nat(self)
pandas/core/arrays/datetimelike.py,1260,pandas.core.arrays.datetimelike$DatetimeLikeArrayMixin._sub_nat(self)
pandas/core/arrays/datetimelike.py,1261,pandas.core.arrays.datetimelike$DatetimeLikeArrayMixin._sub_nat(self)
pandas/core/arrays/datetimelike.py,1262,pandas.core.arrays.datetimelike$DatetimeLikeArrayMixin._sub_nat(self)
pandas/core/arrays/datetimelike.py,1263,pandas.core.arrays.datetimelike$DatetimeLikeArrayMixin._sub_nat(self)
pandas/core/arrays/datetimelike.py,1264,pandas.core.arrays.datetimelike$DatetimeLikeArrayMixin._sub_nat(self)
pandas/core/arrays/datetimelike.py,1265,pandas.core.arrays.datetimelike$DatetimeLikeArrayMixin._sub_nat(self)
pandas/core/arrays/datetimelike.py,1266,pandas.core.arrays.datetimelike$DatetimeLikeArrayMixin._sub_nat(self)
pandas/core/arrays/datetimelike.py,1267,pandas.core.arrays.datetimelike$DatetimeLikeArrayMixin._sub_nat(self)
pandas/core/arrays/datetimelike.py,1268,
pandas/core/arrays/datetimelike.py,1269,"pandas.core.arrays.datetimelike$DatetimeLikeArrayMixin._sub_period_array(self,other)"
pandas/core/arrays/datetimelike.py,1270,"pandas.core.arrays.datetimelike$DatetimeLikeArrayMixin._sub_period_array(self,other)"
pandas/core/arrays/datetimelike.py,1271,"pandas.core.arrays.datetimelike$DatetimeLikeArrayMixin._sub_period_array(self,other)"
pandas/core/arrays/datetimelike.py,1272,"pandas.core.arrays.datetimelike$DatetimeLikeArrayMixin._sub_period_array(self,other)"
pandas/core/arrays/datetimelike.py,1273,"pandas.core.arrays.datetimelike$DatetimeLikeArrayMixin._sub_period_array(self,other)"
pandas/core/arrays/datetimelike.py,1277,"pandas.core.arrays.datetimelike$DatetimeLikeArrayMixin._sub_period_array(self,other)"
pandas/core/arrays/datetimelike.py,1278,"pandas.core.arrays.datetimelike$DatetimeLikeArrayMixin._sub_period_array(self,other)"
pandas/core/arrays/datetimelike.py,1279,"pandas.core.arrays.datetimelike$DatetimeLikeArrayMixin._sub_period_array(self,other)"
pandas/core/arrays/datetimelike.py,1280,"pandas.core.arrays.datetimelike$DatetimeLikeArrayMixin._sub_period_array(self,other)"
pandas/core/arrays/datetimelike.py,1281,"pandas.core.arrays.datetimelike$DatetimeLikeArrayMixin._sub_period_array(self,other)"
pandas/core/arrays/datetimelike.py,1282,"pandas.core.arrays.datetimelike$DatetimeLikeArrayMixin._sub_period_array(self,other)"
pandas/core/arrays/datetimelike.py,1283,"pandas.core.arrays.datetimelike$DatetimeLikeArrayMixin._sub_period_array(self,other)"
pandas/core/arrays/datetimelike.py,1284,"pandas.core.arrays.datetimelike$DatetimeLikeArrayMixin._sub_period_array(self,other)"
pandas/core/arrays/datetimelike.py,1285,"pandas.core.arrays.datetimelike$DatetimeLikeArrayMixin._sub_period_array(self,other)"
pandas/core/arrays/datetimelike.py,1286,"pandas.core.arrays.datetimelike$DatetimeLikeArrayMixin._sub_period_array(self,other)"
pandas/core/arrays/datetimelike.py,1287,"pandas.core.arrays.datetimelike$DatetimeLikeArrayMixin._sub_period_array(self,other)"
pandas/core/arrays/datetimelike.py,1289,"pandas.core.arrays.datetimelike$DatetimeLikeArrayMixin._sub_period_array(self,other)"
pandas/core/arrays/datetimelike.py,1290,"pandas.core.arrays.datetimelike$DatetimeLikeArrayMixin._sub_period_array(self,other)"
pandas/core/arrays/datetimelike.py,1291,"pandas.core.arrays.datetimelike$DatetimeLikeArrayMixin._sub_period_array(self,other)"
pandas/core/arrays/datetimelike.py,1292,"pandas.core.arrays.datetimelike$DatetimeLikeArrayMixin._sub_period_array(self,other)"
pandas/core/arrays/datetimelike.py,1293,"pandas.core.arrays.datetimelike$DatetimeLikeArrayMixin._sub_period_array(self,other)"
pandas/core/arrays/datetimelike.py,1295,"pandas.core.arrays.datetimelike$DatetimeLikeArrayMixin._sub_period_array(self,other)"
pandas/core/arrays/datetimelike.py,1296,"pandas.core.arrays.datetimelike$DatetimeLikeArrayMixin._sub_period_array(self,other)"
pandas/core/arrays/datetimelike.py,1297,"pandas.core.arrays.datetimelike$DatetimeLikeArrayMixin._sub_period_array(self,other)"
pandas/core/arrays/datetimelike.py,1299,"pandas.core.arrays.datetimelike$DatetimeLikeArrayMixin._sub_period_array(self,other)"
pandas/core/arrays/datetimelike.py,1300,"pandas.core.arrays.datetimelike$DatetimeLikeArrayMixin._sub_period_array(self,other)"
pandas/core/arrays/datetimelike.py,1301,"pandas.core.arrays.datetimelike$DatetimeLikeArrayMixin._sub_period_array(self,other)"
pandas/core/arrays/datetimelike.py,1302,"pandas.core.arrays.datetimelike$DatetimeLikeArrayMixin._sub_period_array(self,other)"
pandas/core/arrays/datetimelike.py,1303,"pandas.core.arrays.datetimelike$DatetimeLikeArrayMixin._sub_period_array(self,other)"
pandas/core/arrays/datetimelike.py,1305,"pandas.core.arrays.datetimelike$DatetimeLikeArrayMixin._addsub_object_array(self,other,op)"
pandas/core/arrays/datetimelike.py,1306,"pandas.core.arrays.datetimelike$DatetimeLikeArrayMixin._addsub_object_array(self,other,op)"
pandas/core/arrays/datetimelike.py,1307,"pandas.core.arrays.datetimelike$DatetimeLikeArrayMixin._addsub_object_array(self,other,op)"
pandas/core/arrays/datetimelike.py,1309,"pandas.core.arrays.datetimelike$DatetimeLikeArrayMixin._addsub_object_array(self,other,op)"
pandas/core/arrays/datetimelike.py,1310,"pandas.core.arrays.datetimelike$DatetimeLikeArrayMixin._addsub_object_array(self,other,op)"
pandas/core/arrays/datetimelike.py,1311,"pandas.core.arrays.datetimelike$DatetimeLikeArrayMixin._addsub_object_array(self,other,op)"
pandas/core/arrays/datetimelike.py,1312,"pandas.core.arrays.datetimelike$DatetimeLikeArrayMixin._addsub_object_array(self,other,op)"
pandas/core/arrays/datetimelike.py,1316,"pandas.core.arrays.datetimelike$DatetimeLikeArrayMixin._addsub_object_array(self,other,op)"
pandas/core/arrays/datetimelike.py,1318,"pandas.core.arrays.datetimelike$DatetimeLikeArrayMixin._addsub_object_array(self,other,op)"
pandas/core/arrays/datetimelike.py,1319,"pandas.core.arrays.datetimelike$DatetimeLikeArrayMixin._addsub_object_array(self,other,op)"
pandas/core/arrays/datetimelike.py,1320,"pandas.core.arrays.datetimelike$DatetimeLikeArrayMixin._addsub_object_array(self,other,op)"
pandas/core/arrays/datetimelike.py,1321,"pandas.core.arrays.datetimelike$DatetimeLikeArrayMixin._addsub_object_array(self,other,op)"
pandas/core/arrays/datetimelike.py,1322,"pandas.core.arrays.datetimelike$DatetimeLikeArrayMixin._addsub_object_array(self,other,op)"
pandas/core/arrays/datetimelike.py,1323,"pandas.core.arrays.datetimelike$DatetimeLikeArrayMixin._addsub_object_array(self,other,op)"
pandas/core/arrays/datetimelike.py,1324,"pandas.core.arrays.datetimelike$DatetimeLikeArrayMixin._addsub_object_array(self,other,op)"
pandas/core/arrays/datetimelike.py,1325,"pandas.core.arrays.datetimelike$DatetimeLikeArrayMixin._addsub_object_array(self,other,op)"
pandas/core/arrays/datetimelike.py,1326,"pandas.core.arrays.datetimelike$DatetimeLikeArrayMixin._addsub_object_array(self,other,op)"
pandas/core/arrays/datetimelike.py,1328,"pandas.core.arrays.datetimelike$DatetimeLikeArrayMixin._addsub_object_array(self,other,op)"
pandas/core/arrays/datetimelike.py,1329,"pandas.core.arrays.datetimelike$DatetimeLikeArrayMixin._addsub_object_array(self,other,op)"
pandas/core/arrays/datetimelike.py,1330,"pandas.core.arrays.datetimelike$DatetimeLikeArrayMixin._addsub_object_array(self,other,op)"
pandas/core/arrays/datetimelike.py,1331,"pandas.core.arrays.datetimelike$DatetimeLikeArrayMixin._addsub_object_array(self,other,op)"
pandas/core/arrays/datetimelike.py,1332,"pandas.core.arrays.datetimelike$DatetimeLikeArrayMixin._addsub_object_array(self,other,op)"
pandas/core/arrays/datetimelike.py,1333,"pandas.core.arrays.datetimelike$DatetimeLikeArrayMixin._addsub_object_array(self,other,op)"
pandas/core/arrays/datetimelike.py,1334,"pandas.core.arrays.datetimelike$DatetimeLikeArrayMixin._addsub_object_array(self,other,op)"
pandas/core/arrays/datetimelike.py,1336,"pandas.core.arrays.datetimelike$DatetimeLikeArrayMixin._time_shift(self,periods,freq)"
pandas/core/arrays/datetimelike.py,1337,"pandas.core.arrays.datetimelike$DatetimeLikeArrayMixin._time_shift(self,periods,freq)"
pandas/core/arrays/datetimelike.py,1338,"pandas.core.arrays.datetimelike$DatetimeLikeArrayMixin._time_shift(self,periods,freq)"
pandas/core/arrays/datetimelike.py,1339,"pandas.core.arrays.datetimelike$DatetimeLikeArrayMixin._time_shift(self,periods,freq)"
pandas/core/arrays/datetimelike.py,1340,"pandas.core.arrays.datetimelike$DatetimeLikeArrayMixin._time_shift(self,periods,freq)"
pandas/core/arrays/datetimelike.py,1341,"pandas.core.arrays.datetimelike$DatetimeLikeArrayMixin._time_shift(self,periods,freq)"
pandas/core/arrays/datetimelike.py,1342,"pandas.core.arrays.datetimelike$DatetimeLikeArrayMixin._time_shift(self,periods,freq)"
pandas/core/arrays/datetimelike.py,1344,"pandas.core.arrays.datetimelike$DatetimeLikeArrayMixin._time_shift(self,periods,freq)"
pandas/core/arrays/datetimelike.py,1345,"pandas.core.arrays.datetimelike$DatetimeLikeArrayMixin._time_shift(self,periods,freq)"
pandas/core/arrays/datetimelike.py,1346,"pandas.core.arrays.datetimelike$DatetimeLikeArrayMixin._time_shift(self,periods,freq)"
pandas/core/arrays/datetimelike.py,1347,"pandas.core.arrays.datetimelike$DatetimeLikeArrayMixin._time_shift(self,periods,freq)"
pandas/core/arrays/datetimelike.py,1348,"pandas.core.arrays.datetimelike$DatetimeLikeArrayMixin._time_shift(self,periods,freq)"
pandas/core/arrays/datetimelike.py,1349,"pandas.core.arrays.datetimelike$DatetimeLikeArrayMixin._time_shift(self,periods,freq)"
pandas/core/arrays/datetimelike.py,1350,"pandas.core.arrays.datetimelike$DatetimeLikeArrayMixin._time_shift(self,periods,freq)"
pandas/core/arrays/datetimelike.py,1351,"pandas.core.arrays.datetimelike$DatetimeLikeArrayMixin._time_shift(self,periods,freq)"
pandas/core/arrays/datetimelike.py,1352,"pandas.core.arrays.datetimelike$DatetimeLikeArrayMixin._time_shift(self,periods,freq)"
pandas/core/arrays/datetimelike.py,1353,"pandas.core.arrays.datetimelike$DatetimeLikeArrayMixin._time_shift(self,periods,freq)"
pandas/core/arrays/datetimelike.py,1354,"pandas.core.arrays.datetimelike$DatetimeLikeArrayMixin._time_shift(self,periods,freq)"
pandas/core/arrays/datetimelike.py,1355,"pandas.core.arrays.datetimelike$DatetimeLikeArrayMixin._time_shift(self,periods,freq)"
pandas/core/arrays/datetimelike.py,1358,"pandas.core.arrays.datetimelike$DatetimeLikeArrayMixin._time_shift(self,periods,freq)"
pandas/core/arrays/datetimelike.py,1359,"pandas.core.arrays.datetimelike$DatetimeLikeArrayMixin._time_shift(self,periods,freq)"
pandas/core/arrays/datetimelike.py,1360,"pandas.core.arrays.datetimelike$DatetimeLikeArrayMixin._time_shift(self,periods,freq)"
pandas/core/arrays/datetimelike.py,1362,"pandas.core.arrays.datetimelike$DatetimeLikeArrayMixin._time_shift(self,periods,freq)"
pandas/core/arrays/datetimelike.py,1363,"pandas.core.arrays.datetimelike$DatetimeLikeArrayMixin._time_shift(self,periods,freq)"
pandas/core/arrays/datetimelike.py,1365,"pandas.core.arrays.datetimelike$DatetimeLikeArrayMixin._time_shift(self,periods,freq)"
pandas/core/arrays/datetimelike.py,1366,"pandas.core.arrays.datetimelike$DatetimeLikeArrayMixin._time_shift(self,periods,freq)"
pandas/core/arrays/datetimelike.py,1368,"pandas.core.arrays.datetimelike$DatetimeLikeArrayMixin._time_shift(self,periods,freq)"
pandas/core/arrays/datetimelike.py,1369,"pandas.core.arrays.datetimelike$DatetimeLikeArrayMixin._time_shift(self,periods,freq)"
pandas/core/arrays/datetimelike.py,1370,"pandas.core.arrays.datetimelike$DatetimeLikeArrayMixin._time_shift(self,periods,freq)"
pandas/core/arrays/datetimelike.py,1371,"pandas.core.arrays.datetimelike$DatetimeLikeArrayMixin._time_shift(self,periods,freq)"
pandas/core/arrays/datetimelike.py,1373,"pandas.core.arrays.datetimelike$DatetimeLikeArrayMixin.__add__(self,other)"
pandas/core/arrays/datetimelike.py,1374,"pandas.core.arrays.datetimelike$DatetimeLikeArrayMixin.__add__(self,other)"
pandas/core/arrays/datetimelike.py,1376,"pandas.core.arrays.datetimelike$DatetimeLikeArrayMixin.__add__(self,other)"
pandas/core/arrays/datetimelike.py,1377,"pandas.core.arrays.datetimelike$DatetimeLikeArrayMixin.__add__(self,other)"
pandas/core/arrays/datetimelike.py,1378,"pandas.core.arrays.datetimelike$DatetimeLikeArrayMixin.__add__(self,other)"
pandas/core/arrays/datetimelike.py,1379,"pandas.core.arrays.datetimelike$DatetimeLikeArrayMixin.__add__(self,other)"
pandas/core/arrays/datetimelike.py,1380,"pandas.core.arrays.datetimelike$DatetimeLikeArrayMixin.__add__(self,other)"
pandas/core/arrays/datetimelike.py,1381,"pandas.core.arrays.datetimelike$DatetimeLikeArrayMixin.__add__(self,other)"
pandas/core/arrays/datetimelike.py,1382,"pandas.core.arrays.datetimelike$DatetimeLikeArrayMixin.__add__(self,other)"
pandas/core/arrays/datetimelike.py,1383,"pandas.core.arrays.datetimelike$DatetimeLikeArrayMixin.__add__(self,other)"
pandas/core/arrays/datetimelike.py,1384,"pandas.core.arrays.datetimelike$DatetimeLikeArrayMixin.__add__(self,other)"
pandas/core/arrays/datetimelike.py,1385,"pandas.core.arrays.datetimelike$DatetimeLikeArrayMixin.__add__(self,other)"
pandas/core/arrays/datetimelike.py,1386,"pandas.core.arrays.datetimelike$DatetimeLikeArrayMixin.__add__(self,other)"
pandas/core/arrays/datetimelike.py,1387,"pandas.core.arrays.datetimelike$DatetimeLikeArrayMixin.__add__(self,other)"
pandas/core/arrays/datetimelike.py,1388,"pandas.core.arrays.datetimelike$DatetimeLikeArrayMixin.__add__(self,other)"
pandas/core/arrays/datetimelike.py,1389,"pandas.core.arrays.datetimelike$DatetimeLikeArrayMixin.__add__(self,other)"
pandas/core/arrays/datetimelike.py,1390,"pandas.core.arrays.datetimelike$DatetimeLikeArrayMixin.__add__(self,other)"
pandas/core/arrays/datetimelike.py,1391,"pandas.core.arrays.datetimelike$DatetimeLikeArrayMixin.__add__(self,other)"
pandas/core/arrays/datetimelike.py,1392,"pandas.core.arrays.datetimelike$DatetimeLikeArrayMixin.__add__(self,other)"
pandas/core/arrays/datetimelike.py,1393,"pandas.core.arrays.datetimelike$DatetimeLikeArrayMixin.__add__(self,other)"
pandas/core/arrays/datetimelike.py,1394,"pandas.core.arrays.datetimelike$DatetimeLikeArrayMixin.__add__(self,other)"
pandas/core/arrays/datetimelike.py,1395,"pandas.core.arrays.datetimelike$DatetimeLikeArrayMixin.__add__(self,other)"
pandas/core/arrays/datetimelike.py,1396,"pandas.core.arrays.datetimelike$DatetimeLikeArrayMixin.__add__(self,other)"
pandas/core/arrays/datetimelike.py,1397,"pandas.core.arrays.datetimelike$DatetimeLikeArrayMixin.__add__(self,other)"
pandas/core/arrays/datetimelike.py,1398,"pandas.core.arrays.datetimelike$DatetimeLikeArrayMixin.__add__(self,other)"
pandas/core/arrays/datetimelike.py,1399,"pandas.core.arrays.datetimelike$DatetimeLikeArrayMixin.__add__(self,other)"
pandas/core/arrays/datetimelike.py,1400,"pandas.core.arrays.datetimelike$DatetimeLikeArrayMixin.__add__(self,other)"
pandas/core/arrays/datetimelike.py,1401,"pandas.core.arrays.datetimelike$DatetimeLikeArrayMixin.__add__(self,other)"
pandas/core/arrays/datetimelike.py,1402,"pandas.core.arrays.datetimelike$DatetimeLikeArrayMixin.__add__(self,other)"
pandas/core/arrays/datetimelike.py,1403,"pandas.core.arrays.datetimelike$DatetimeLikeArrayMixin.__add__(self,other)"
pandas/core/arrays/datetimelike.py,1404,"pandas.core.arrays.datetimelike$DatetimeLikeArrayMixin.__add__(self,other)"
pandas/core/arrays/datetimelike.py,1405,"pandas.core.arrays.datetimelike$DatetimeLikeArrayMixin.__add__(self,other)"
pandas/core/arrays/datetimelike.py,1406,"pandas.core.arrays.datetimelike$DatetimeLikeArrayMixin.__add__(self,other)"
pandas/core/arrays/datetimelike.py,1407,"pandas.core.arrays.datetimelike$DatetimeLikeArrayMixin.__add__(self,other)"
pandas/core/arrays/datetimelike.py,1408,"pandas.core.arrays.datetimelike$DatetimeLikeArrayMixin.__add__(self,other)"
pandas/core/arrays/datetimelike.py,1409,"pandas.core.arrays.datetimelike$DatetimeLikeArrayMixin.__add__(self,other)"
pandas/core/arrays/datetimelike.py,1410,"pandas.core.arrays.datetimelike$DatetimeLikeArrayMixin.__add__(self,other)"
pandas/core/arrays/datetimelike.py,1411,"pandas.core.arrays.datetimelike$DatetimeLikeArrayMixin.__add__(self,other)"
pandas/core/arrays/datetimelike.py,1412,"pandas.core.arrays.datetimelike$DatetimeLikeArrayMixin.__add__(self,other)"
pandas/core/arrays/datetimelike.py,1413,"pandas.core.arrays.datetimelike$DatetimeLikeArrayMixin.__add__(self,other)"
pandas/core/arrays/datetimelike.py,1415,"pandas.core.arrays.datetimelike$DatetimeLikeArrayMixin.__add__(self,other)"
pandas/core/arrays/datetimelike.py,1416,"pandas.core.arrays.datetimelike$DatetimeLikeArrayMixin.__add__(self,other)"
pandas/core/arrays/datetimelike.py,1418,"pandas.core.arrays.datetimelike$DatetimeLikeArrayMixin.__add__(self,other)"
pandas/core/arrays/datetimelike.py,1419,"pandas.core.arrays.datetimelike$DatetimeLikeArrayMixin.__add__(self,other)"
pandas/core/arrays/datetimelike.py,1421,"pandas.core.arrays.datetimelike$DatetimeLikeArrayMixin.__radd__(self,other)"
pandas/core/arrays/datetimelike.py,1422,"pandas.core.arrays.datetimelike$DatetimeLikeArrayMixin.__radd__(self,other)"
pandas/core/arrays/datetimelike.py,1423,"pandas.core.arrays.datetimelike$DatetimeLikeArrayMixin.__radd__(self,other)"
pandas/core/arrays/datetimelike.py,1425,"pandas.core.arrays.datetimelike$DatetimeLikeArrayMixin.__sub__(self,other)"
pandas/core/arrays/datetimelike.py,1426,"pandas.core.arrays.datetimelike$DatetimeLikeArrayMixin.__sub__(self,other)"
pandas/core/arrays/datetimelike.py,1428,"pandas.core.arrays.datetimelike$DatetimeLikeArrayMixin.__sub__(self,other)"
pandas/core/arrays/datetimelike.py,1429,"pandas.core.arrays.datetimelike$DatetimeLikeArrayMixin.__sub__(self,other)"
pandas/core/arrays/datetimelike.py,1430,"pandas.core.arrays.datetimelike$DatetimeLikeArrayMixin.__sub__(self,other)"
pandas/core/arrays/datetimelike.py,1431,"pandas.core.arrays.datetimelike$DatetimeLikeArrayMixin.__sub__(self,other)"
pandas/core/arrays/datetimelike.py,1432,"pandas.core.arrays.datetimelike$DatetimeLikeArrayMixin.__sub__(self,other)"
pandas/core/arrays/datetimelike.py,1433,"pandas.core.arrays.datetimelike$DatetimeLikeArrayMixin.__sub__(self,other)"
pandas/core/arrays/datetimelike.py,1434,"pandas.core.arrays.datetimelike$DatetimeLikeArrayMixin.__sub__(self,other)"
pandas/core/arrays/datetimelike.py,1435,"pandas.core.arrays.datetimelike$DatetimeLikeArrayMixin.__sub__(self,other)"
pandas/core/arrays/datetimelike.py,1436,"pandas.core.arrays.datetimelike$DatetimeLikeArrayMixin.__sub__(self,other)"
pandas/core/arrays/datetimelike.py,1437,"pandas.core.arrays.datetimelike$DatetimeLikeArrayMixin.__sub__(self,other)"
pandas/core/arrays/datetimelike.py,1438,"pandas.core.arrays.datetimelike$DatetimeLikeArrayMixin.__sub__(self,other)"
pandas/core/arrays/datetimelike.py,1439,"pandas.core.arrays.datetimelike$DatetimeLikeArrayMixin.__sub__(self,other)"
pandas/core/arrays/datetimelike.py,1440,"pandas.core.arrays.datetimelike$DatetimeLikeArrayMixin.__sub__(self,other)"
pandas/core/arrays/datetimelike.py,1441,"pandas.core.arrays.datetimelike$DatetimeLikeArrayMixin.__sub__(self,other)"
pandas/core/arrays/datetimelike.py,1442,"pandas.core.arrays.datetimelike$DatetimeLikeArrayMixin.__sub__(self,other)"
pandas/core/arrays/datetimelike.py,1443,"pandas.core.arrays.datetimelike$DatetimeLikeArrayMixin.__sub__(self,other)"
pandas/core/arrays/datetimelike.py,1444,"pandas.core.arrays.datetimelike$DatetimeLikeArrayMixin.__sub__(self,other)"
pandas/core/arrays/datetimelike.py,1445,"pandas.core.arrays.datetimelike$DatetimeLikeArrayMixin.__sub__(self,other)"
pandas/core/arrays/datetimelike.py,1446,"pandas.core.arrays.datetimelike$DatetimeLikeArrayMixin.__sub__(self,other)"
pandas/core/arrays/datetimelike.py,1447,"pandas.core.arrays.datetimelike$DatetimeLikeArrayMixin.__sub__(self,other)"
pandas/core/arrays/datetimelike.py,1448,"pandas.core.arrays.datetimelike$DatetimeLikeArrayMixin.__sub__(self,other)"
pandas/core/arrays/datetimelike.py,1449,"pandas.core.arrays.datetimelike$DatetimeLikeArrayMixin.__sub__(self,other)"
pandas/core/arrays/datetimelike.py,1450,"pandas.core.arrays.datetimelike$DatetimeLikeArrayMixin.__sub__(self,other)"
pandas/core/arrays/datetimelike.py,1451,"pandas.core.arrays.datetimelike$DatetimeLikeArrayMixin.__sub__(self,other)"
pandas/core/arrays/datetimelike.py,1452,"pandas.core.arrays.datetimelike$DatetimeLikeArrayMixin.__sub__(self,other)"
pandas/core/arrays/datetimelike.py,1453,"pandas.core.arrays.datetimelike$DatetimeLikeArrayMixin.__sub__(self,other)"
pandas/core/arrays/datetimelike.py,1454,"pandas.core.arrays.datetimelike$DatetimeLikeArrayMixin.__sub__(self,other)"
pandas/core/arrays/datetimelike.py,1455,"pandas.core.arrays.datetimelike$DatetimeLikeArrayMixin.__sub__(self,other)"
pandas/core/arrays/datetimelike.py,1456,"pandas.core.arrays.datetimelike$DatetimeLikeArrayMixin.__sub__(self,other)"
pandas/core/arrays/datetimelike.py,1457,"pandas.core.arrays.datetimelike$DatetimeLikeArrayMixin.__sub__(self,other)"
pandas/core/arrays/datetimelike.py,1458,"pandas.core.arrays.datetimelike$DatetimeLikeArrayMixin.__sub__(self,other)"
pandas/core/arrays/datetimelike.py,1459,"pandas.core.arrays.datetimelike$DatetimeLikeArrayMixin.__sub__(self,other)"
pandas/core/arrays/datetimelike.py,1460,"pandas.core.arrays.datetimelike$DatetimeLikeArrayMixin.__sub__(self,other)"
pandas/core/arrays/datetimelike.py,1461,"pandas.core.arrays.datetimelike$DatetimeLikeArrayMixin.__sub__(self,other)"
pandas/core/arrays/datetimelike.py,1462,"pandas.core.arrays.datetimelike$DatetimeLikeArrayMixin.__sub__(self,other)"
pandas/core/arrays/datetimelike.py,1463,"pandas.core.arrays.datetimelike$DatetimeLikeArrayMixin.__sub__(self,other)"
pandas/core/arrays/datetimelike.py,1464,"pandas.core.arrays.datetimelike$DatetimeLikeArrayMixin.__sub__(self,other)"
pandas/core/arrays/datetimelike.py,1466,"pandas.core.arrays.datetimelike$DatetimeLikeArrayMixin.__sub__(self,other)"
pandas/core/arrays/datetimelike.py,1467,"pandas.core.arrays.datetimelike$DatetimeLikeArrayMixin.__sub__(self,other)"
pandas/core/arrays/datetimelike.py,1469,"pandas.core.arrays.datetimelike$DatetimeLikeArrayMixin.__sub__(self,other)"
pandas/core/arrays/datetimelike.py,1470,"pandas.core.arrays.datetimelike$DatetimeLikeArrayMixin.__sub__(self,other)"
pandas/core/arrays/datetimelike.py,1472,"pandas.core.arrays.datetimelike$DatetimeLikeArrayMixin.__sub__(self,other)"
pandas/core/arrays/datetimelike.py,1473,"pandas.core.arrays.datetimelike$DatetimeLikeArrayMixin.__sub__(self,other)"
pandas/core/arrays/datetimelike.py,1475,"pandas.core.arrays.datetimelike$DatetimeLikeArrayMixin.__rsub__(self,other)"
pandas/core/arrays/datetimelike.py,1476,"pandas.core.arrays.datetimelike$DatetimeLikeArrayMixin.__rsub__(self,other)"
pandas/core/arrays/datetimelike.py,1477,"pandas.core.arrays.datetimelike$DatetimeLikeArrayMixin.__rsub__(self,other)"
pandas/core/arrays/datetimelike.py,1478,"pandas.core.arrays.datetimelike$DatetimeLikeArrayMixin.__rsub__(self,other)"
pandas/core/arrays/datetimelike.py,1479,"pandas.core.arrays.datetimelike$DatetimeLikeArrayMixin.__rsub__(self,other)"
pandas/core/arrays/datetimelike.py,1480,"pandas.core.arrays.datetimelike$DatetimeLikeArrayMixin.__rsub__(self,other)"
pandas/core/arrays/datetimelike.py,1481,"pandas.core.arrays.datetimelike$DatetimeLikeArrayMixin.__rsub__(self,other)"
pandas/core/arrays/datetimelike.py,1482,"pandas.core.arrays.datetimelike$DatetimeLikeArrayMixin.__rsub__(self,other)"
pandas/core/arrays/datetimelike.py,1483,"pandas.core.arrays.datetimelike$DatetimeLikeArrayMixin.__rsub__(self,other)"
pandas/core/arrays/datetimelike.py,1484,"pandas.core.arrays.datetimelike$DatetimeLikeArrayMixin.__rsub__(self,other)"
pandas/core/arrays/datetimelike.py,1485,"pandas.core.arrays.datetimelike$DatetimeLikeArrayMixin.__rsub__(self,other)"
pandas/core/arrays/datetimelike.py,1486,"pandas.core.arrays.datetimelike$DatetimeLikeArrayMixin.__rsub__(self,other)"
pandas/core/arrays/datetimelike.py,1487,"pandas.core.arrays.datetimelike$DatetimeLikeArrayMixin.__rsub__(self,other)"
pandas/core/arrays/datetimelike.py,1488,"pandas.core.arrays.datetimelike$DatetimeLikeArrayMixin.__rsub__(self,other)"
pandas/core/arrays/datetimelike.py,1489,"pandas.core.arrays.datetimelike$DatetimeLikeArrayMixin.__rsub__(self,other)"
pandas/core/arrays/datetimelike.py,1490,"pandas.core.arrays.datetimelike$DatetimeLikeArrayMixin.__rsub__(self,other)"
pandas/core/arrays/datetimelike.py,1491,"pandas.core.arrays.datetimelike$DatetimeLikeArrayMixin.__rsub__(self,other)"
pandas/core/arrays/datetimelike.py,1492,"pandas.core.arrays.datetimelike$DatetimeLikeArrayMixin.__rsub__(self,other)"
pandas/core/arrays/datetimelike.py,1493,"pandas.core.arrays.datetimelike$DatetimeLikeArrayMixin.__rsub__(self,other)"
pandas/core/arrays/datetimelike.py,1494,"pandas.core.arrays.datetimelike$DatetimeLikeArrayMixin.__rsub__(self,other)"
pandas/core/arrays/datetimelike.py,1495,"pandas.core.arrays.datetimelike$DatetimeLikeArrayMixin.__rsub__(self,other)"
pandas/core/arrays/datetimelike.py,1496,"pandas.core.arrays.datetimelike$DatetimeLikeArrayMixin.__rsub__(self,other)"
pandas/core/arrays/datetimelike.py,1497,"pandas.core.arrays.datetimelike$DatetimeLikeArrayMixin.__rsub__(self,other)"
pandas/core/arrays/datetimelike.py,1498,"pandas.core.arrays.datetimelike$DatetimeLikeArrayMixin.__rsub__(self,other)"
pandas/core/arrays/datetimelike.py,1499,"pandas.core.arrays.datetimelike$DatetimeLikeArrayMixin.__rsub__(self,other)"
pandas/core/arrays/datetimelike.py,1500,"pandas.core.arrays.datetimelike$DatetimeLikeArrayMixin.__rsub__(self,other)"
pandas/core/arrays/datetimelike.py,1501,"pandas.core.arrays.datetimelike$DatetimeLikeArrayMixin.__rsub__(self,other)"
pandas/core/arrays/datetimelike.py,1502,"pandas.core.arrays.datetimelike$DatetimeLikeArrayMixin.__rsub__(self,other)"
pandas/core/arrays/datetimelike.py,1503,"pandas.core.arrays.datetimelike$DatetimeLikeArrayMixin.__rsub__(self,other)"
pandas/core/arrays/datetimelike.py,1504,"pandas.core.arrays.datetimelike$DatetimeLikeArrayMixin.__rsub__(self,other)"
pandas/core/arrays/datetimelike.py,1505,"pandas.core.arrays.datetimelike$DatetimeLikeArrayMixin.__rsub__(self,other)"
pandas/core/arrays/datetimelike.py,1506,"pandas.core.arrays.datetimelike$DatetimeLikeArrayMixin.__rsub__(self,other)"
pandas/core/arrays/datetimelike.py,1507,"pandas.core.arrays.datetimelike$DatetimeLikeArrayMixin.__rsub__(self,other)"
pandas/core/arrays/datetimelike.py,1508,"pandas.core.arrays.datetimelike$DatetimeLikeArrayMixin.__rsub__(self,other)"
pandas/core/arrays/datetimelike.py,1509,"pandas.core.arrays.datetimelike$DatetimeLikeArrayMixin.__rsub__(self,other)"
pandas/core/arrays/datetimelike.py,1510,
pandas/core/arrays/datetimelike.py,1511,"pandas.core.arrays.datetimelike$DatetimeLikeArrayMixin.__iadd__(self,other)"
pandas/core/arrays/datetimelike.py,1512,"pandas.core.arrays.datetimelike$DatetimeLikeArrayMixin.__iadd__(self,other)"
pandas/core/arrays/datetimelike.py,1513,"pandas.core.arrays.datetimelike$DatetimeLikeArrayMixin.__iadd__(self,other)"
pandas/core/arrays/datetimelike.py,1514,"pandas.core.arrays.datetimelike$DatetimeLikeArrayMixin.__iadd__(self,other)"
pandas/core/arrays/datetimelike.py,1515,"pandas.core.arrays.datetimelike$DatetimeLikeArrayMixin.__iadd__(self,other)"
pandas/core/arrays/datetimelike.py,1516,"pandas.core.arrays.datetimelike$DatetimeLikeArrayMixin.__iadd__(self,other)"
pandas/core/arrays/datetimelike.py,1517,"pandas.core.arrays.datetimelike$DatetimeLikeArrayMixin.__iadd__(self,other)"
pandas/core/arrays/datetimelike.py,1518,"pandas.core.arrays.datetimelike$DatetimeLikeArrayMixin.__iadd__(self,other)"
pandas/core/arrays/datetimelike.py,1519,
pandas/core/arrays/datetimelike.py,1520,"pandas.core.arrays.datetimelike$DatetimeLikeArrayMixin.__isub__(self,other)"
pandas/core/arrays/datetimelike.py,1521,"pandas.core.arrays.datetimelike$DatetimeLikeArrayMixin.__isub__(self,other)"
pandas/core/arrays/datetimelike.py,1522,"pandas.core.arrays.datetimelike$DatetimeLikeArrayMixin.__isub__(self,other)"
pandas/core/arrays/datetimelike.py,1523,"pandas.core.arrays.datetimelike$DatetimeLikeArrayMixin.__isub__(self,other)"
pandas/core/arrays/datetimelike.py,1524,"pandas.core.arrays.datetimelike$DatetimeLikeArrayMixin.__isub__(self,other)"
pandas/core/arrays/datetimelike.py,1525,"pandas.core.arrays.datetimelike$DatetimeLikeArrayMixin.__isub__(self,other)"
pandas/core/arrays/datetimelike.py,1526,"pandas.core.arrays.datetimelike$DatetimeLikeArrayMixin.__isub__(self,other)"
pandas/core/arrays/datetimelike.py,1527,"pandas.core.arrays.datetimelike$DatetimeLikeArrayMixin.__isub__(self,other)"
pandas/core/arrays/datetimelike.py,1528,
pandas/core/arrays/datetimelike.py,1529,
pandas/core/arrays/datetimelike.py,1530,
pandas/core/arrays/datetimelike.py,1531,
pandas/core/arrays/datetimelike.py,1532,"pandas.core.arrays.datetimelike$DatetimeLikeArrayMixin._reduce(self,name,axis,skipna,**kwargs)"
pandas/core/arrays/datetimelike.py,1533,"pandas.core.arrays.datetimelike$DatetimeLikeArrayMixin._reduce(self,name,axis,skipna,**kwargs)"
pandas/core/arrays/datetimelike.py,1534,"pandas.core.arrays.datetimelike$DatetimeLikeArrayMixin._reduce(self,name,axis,skipna,**kwargs)"
pandas/core/arrays/datetimelike.py,1535,"pandas.core.arrays.datetimelike$DatetimeLikeArrayMixin._reduce(self,name,axis,skipna,**kwargs)"
pandas/core/arrays/datetimelike.py,1537,"pandas.core.arrays.datetimelike$DatetimeLikeArrayMixin._reduce(self,name,axis,skipna,**kwargs)"
pandas/core/arrays/datetimelike.py,1539,"pandas.core.arrays.datetimelike$DatetimeLikeArrayMixin.min(self,axis,skipna,*args,**kwargs)"
pandas/core/arrays/datetimelike.py,1540,"pandas.core.arrays.datetimelike$DatetimeLikeArrayMixin.min(self,axis,skipna,*args,**kwargs)"
pandas/core/arrays/datetimelike.py,1541,"pandas.core.arrays.datetimelike$DatetimeLikeArrayMixin.min(self,axis,skipna,*args,**kwargs)"
pandas/core/arrays/datetimelike.py,1542,"pandas.core.arrays.datetimelike$DatetimeLikeArrayMixin.min(self,axis,skipna,*args,**kwargs)"
pandas/core/arrays/datetimelike.py,1544,"pandas.core.arrays.datetimelike$DatetimeLikeArrayMixin.min(self,axis,skipna,*args,**kwargs)"
pandas/core/arrays/datetimelike.py,1545,"pandas.core.arrays.datetimelike$DatetimeLikeArrayMixin.min(self,axis,skipna,*args,**kwargs)"
pandas/core/arrays/datetimelike.py,1546,"pandas.core.arrays.datetimelike$DatetimeLikeArrayMixin.min(self,axis,skipna,*args,**kwargs)"
pandas/core/arrays/datetimelike.py,1547,"pandas.core.arrays.datetimelike$DatetimeLikeArrayMixin.min(self,axis,skipna,*args,**kwargs)"
pandas/core/arrays/datetimelike.py,1548,"pandas.core.arrays.datetimelike$DatetimeLikeArrayMixin.min(self,axis,skipna,*args,**kwargs)"
pandas/core/arrays/datetimelike.py,1550,"pandas.core.arrays.datetimelike$DatetimeLikeArrayMixin.min(self,axis,skipna,*args,**kwargs)"
pandas/core/arrays/datetimelike.py,1551,"pandas.core.arrays.datetimelike$DatetimeLikeArrayMixin.min(self,axis,skipna,*args,**kwargs)"
pandas/core/arrays/datetimelike.py,1553,"pandas.core.arrays.datetimelike$DatetimeLikeArrayMixin.min(self,axis,skipna,*args,**kwargs)"
pandas/core/arrays/datetimelike.py,1554,"pandas.core.arrays.datetimelike$DatetimeLikeArrayMixin.min(self,axis,skipna,*args,**kwargs)"
pandas/core/arrays/datetimelike.py,1555,"pandas.core.arrays.datetimelike$DatetimeLikeArrayMixin.min(self,axis,skipna,*args,**kwargs)"
pandas/core/arrays/datetimelike.py,1556,"pandas.core.arrays.datetimelike$DatetimeLikeArrayMixin.min(self,axis,skipna,*args,**kwargs)"
pandas/core/arrays/datetimelike.py,1557,"pandas.core.arrays.datetimelike$DatetimeLikeArrayMixin.min(self,axis,skipna,*args,**kwargs)"
pandas/core/arrays/datetimelike.py,1559,"pandas.core.arrays.datetimelike$DatetimeLikeArrayMixin.max(self,axis,skipna,*args,**kwargs)"
pandas/core/arrays/datetimelike.py,1560,"pandas.core.arrays.datetimelike$DatetimeLikeArrayMixin.max(self,axis,skipna,*args,**kwargs)"
pandas/core/arrays/datetimelike.py,1561,"pandas.core.arrays.datetimelike$DatetimeLikeArrayMixin.max(self,axis,skipna,*args,**kwargs)"
pandas/core/arrays/datetimelike.py,1562,"pandas.core.arrays.datetimelike$DatetimeLikeArrayMixin.max(self,axis,skipna,*args,**kwargs)"
pandas/core/arrays/datetimelike.py,1564,"pandas.core.arrays.datetimelike$DatetimeLikeArrayMixin.max(self,axis,skipna,*args,**kwargs)"
pandas/core/arrays/datetimelike.py,1565,"pandas.core.arrays.datetimelike$DatetimeLikeArrayMixin.max(self,axis,skipna,*args,**kwargs)"
pandas/core/arrays/datetimelike.py,1566,"pandas.core.arrays.datetimelike$DatetimeLikeArrayMixin.max(self,axis,skipna,*args,**kwargs)"
pandas/core/arrays/datetimelike.py,1567,"pandas.core.arrays.datetimelike$DatetimeLikeArrayMixin.max(self,axis,skipna,*args,**kwargs)"
pandas/core/arrays/datetimelike.py,1568,"pandas.core.arrays.datetimelike$DatetimeLikeArrayMixin.max(self,axis,skipna,*args,**kwargs)"
pandas/core/arrays/datetimelike.py,1569,"pandas.core.arrays.datetimelike$DatetimeLikeArrayMixin.max(self,axis,skipna,*args,**kwargs)"
pandas/core/arrays/datetimelike.py,1570,"pandas.core.arrays.datetimelike$DatetimeLikeArrayMixin.max(self,axis,skipna,*args,**kwargs)"
pandas/core/arrays/datetimelike.py,1571,"pandas.core.arrays.datetimelike$DatetimeLikeArrayMixin.max(self,axis,skipna,*args,**kwargs)"
pandas/core/arrays/datetimelike.py,1572,"pandas.core.arrays.datetimelike$DatetimeLikeArrayMixin.max(self,axis,skipna,*args,**kwargs)"
pandas/core/arrays/datetimelike.py,1573,"pandas.core.arrays.datetimelike$DatetimeLikeArrayMixin.max(self,axis,skipna,*args,**kwargs)"
pandas/core/arrays/datetimelike.py,1575,"pandas.core.arrays.datetimelike$DatetimeLikeArrayMixin.max(self,axis,skipna,*args,**kwargs)"
pandas/core/arrays/datetimelike.py,1576,"pandas.core.arrays.datetimelike$DatetimeLikeArrayMixin.max(self,axis,skipna,*args,**kwargs)"
pandas/core/arrays/datetimelike.py,1577,"pandas.core.arrays.datetimelike$DatetimeLikeArrayMixin.max(self,axis,skipna,*args,**kwargs)"
pandas/core/arrays/datetimelike.py,1578,"pandas.core.arrays.datetimelike$DatetimeLikeArrayMixin.max(self,axis,skipna,*args,**kwargs)"
pandas/core/arrays/datetimelike.py,1579,"pandas.core.arrays.datetimelike$DatetimeLikeArrayMixin.max(self,axis,skipna,*args,**kwargs)"
pandas/core/arrays/datetimelike.py,1580,"pandas.core.arrays.datetimelike$DatetimeLikeArrayMixin.max(self,axis,skipna,*args,**kwargs)"
pandas/core/arrays/datetimelike.py,1581,"pandas.core.arrays.datetimelike$DatetimeLikeArrayMixin.max(self,axis,skipna,*args,**kwargs)"
pandas/core/arrays/datetimelike.py,1583,"pandas.core.arrays.datetimelike$DatetimeLikeArrayMixin.max(self,axis,skipna,*args,**kwargs)"
pandas/core/arrays/datetimelike.py,1584,"pandas.core.arrays.datetimelike$DatetimeLikeArrayMixin.max(self,axis,skipna,*args,**kwargs)"
pandas/core/arrays/datetimelike.py,1585,"pandas.core.arrays.datetimelike$DatetimeLikeArrayMixin.max(self,axis,skipna,*args,**kwargs)"
pandas/core/arrays/datetimelike.py,1587,"pandas.core.arrays.datetimelike$DatetimeLikeArrayMixin.max(self,axis,skipna,*args,**kwargs)"
pandas/core/arrays/datetimelike.py,1588,"pandas.core.arrays.datetimelike$DatetimeLikeArrayMixin.max(self,axis,skipna,*args,**kwargs)"
pandas/core/arrays/datetimelike.py,1589,"pandas.core.arrays.datetimelike$DatetimeLikeArrayMixin.max(self,axis,skipna,*args,**kwargs)"
pandas/core/arrays/datetimelike.py,1591,"pandas.core.arrays.datetimelike$DatetimeLikeArrayMixin.mean(self,skipna)"
pandas/core/arrays/datetimelike.py,1593,"pandas.core.arrays.datetimelike$DatetimeLikeArrayMixin.mean(self,skipna)"
pandas/core/arrays/datetimelike.py,1594,"pandas.core.arrays.datetimelike$DatetimeLikeArrayMixin.mean(self,skipna)"
pandas/core/arrays/datetimelike.py,1595,"pandas.core.arrays.datetimelike$DatetimeLikeArrayMixin.mean(self,skipna)"
pandas/core/arrays/datetimelike.py,1599,"pandas.core.arrays.datetimelike$DatetimeLikeArrayMixin.mean(self,skipna)"
pandas/core/arrays/datetimelike.py,1600,"pandas.core.arrays.datetimelike$DatetimeLikeArrayMixin.mean(self,skipna)"
pandas/core/arrays/datetimelike.py,1604,"pandas.core.arrays.datetimelike$DatetimeLikeArrayMixin.mean(self,skipna)"
pandas/core/arrays/datetimelike.py,1605,"pandas.core.arrays.datetimelike$DatetimeLikeArrayMixin.mean(self,skipna)"
pandas/core/arrays/datetimelike.py,1606,"pandas.core.arrays.datetimelike$DatetimeLikeArrayMixin.mean(self,skipna)"
pandas/core/arrays/datetimelike.py,1607,"pandas.core.arrays.datetimelike$DatetimeLikeArrayMixin.mean(self,skipna)"
pandas/core/arrays/datetimelike.py,1608,"pandas.core.arrays.datetimelike$DatetimeLikeArrayMixin.mean(self,skipna)"
pandas/core/arrays/datetimelike.py,1609,"pandas.core.arrays.datetimelike$DatetimeLikeArrayMixin.mean(self,skipna)"
pandas/core/arrays/datetimelike.py,1610,"pandas.core.arrays.datetimelike$DatetimeLikeArrayMixin.mean(self,skipna)"
pandas/core/arrays/datetimelike.py,1611,"pandas.core.arrays.datetimelike$DatetimeLikeArrayMixin.mean(self,skipna)"
pandas/core/arrays/datetimelike.py,1612,"pandas.core.arrays.datetimelike$DatetimeLikeArrayMixin.mean(self,skipna)"
pandas/core/arrays/datetimelike.py,1613,"pandas.core.arrays.datetimelike$DatetimeLikeArrayMixin.mean(self,skipna)"
pandas/core/arrays/datetimelike.py,1614,"pandas.core.arrays.datetimelike$DatetimeLikeArrayMixin.mean(self,skipna)"
pandas/core/arrays/datetimelike.py,1615,"pandas.core.arrays.datetimelike$DatetimeLikeArrayMixin.mean(self,skipna)"
pandas/core/arrays/datetimelike.py,1616,"pandas.core.arrays.datetimelike$DatetimeLikeArrayMixin.mean(self,skipna)"
pandas/core/arrays/datetimelike.py,1617,"pandas.core.arrays.datetimelike$DatetimeLikeArrayMixin.mean(self,skipna)"
pandas/core/arrays/datetimelike.py,1618,"pandas.core.arrays.datetimelike$DatetimeLikeArrayMixin.mean(self,skipna)"
pandas/core/arrays/datetimelike.py,1619,"pandas.core.arrays.datetimelike$DatetimeLikeArrayMixin.mean(self,skipna)"
pandas/core/arrays/datetimelike.py,1620,"pandas.core.arrays.datetimelike$DatetimeLikeArrayMixin.mean(self,skipna)"
pandas/core/arrays/datetimelike.py,1621,"pandas.core.arrays.datetimelike$DatetimeLikeArrayMixin.mean(self,skipna)"
pandas/core/arrays/datetimelike.py,1622,"pandas.core.arrays.datetimelike$DatetimeLikeArrayMixin.mean(self,skipna)"
pandas/core/arrays/datetimelike.py,1623,"pandas.core.arrays.datetimelike$DatetimeLikeArrayMixin.mean(self,skipna)"
pandas/core/arrays/datetimelike.py,1624,"pandas.core.arrays.datetimelike$DatetimeLikeArrayMixin.mean(self,skipna)"
pandas/core/arrays/datetimelike.py,1625,"pandas.core.arrays.datetimelike$DatetimeLikeArrayMixin.mean(self,skipna)"
pandas/core/arrays/datetimelike.py,1626,"pandas.core.arrays.datetimelike$DatetimeLikeArrayMixin.mean(self,skipna)"
pandas/core/arrays/datetimelike.py,1627,"pandas.core.arrays.datetimelike$DatetimeLikeArrayMixin.mean(self,skipna)"
pandas/core/arrays/datetimelike.py,1628,"pandas.core.arrays.datetimelike$DatetimeLikeArrayMixin.mean(self,skipna)"
pandas/core/arrays/datetimelike.py,1629,"pandas.core.arrays.datetimelike$DatetimeLikeArrayMixin.mean(self,skipna)"
pandas/core/arrays/datetimelike.py,1630,"pandas.core.arrays.datetimelike$DatetimeLikeArrayMixin.mean(self,skipna)"
pandas/core/arrays/datetimelike.py,1631,"pandas.core.arrays.datetimelike$DatetimeLikeArrayMixin.mean(self,skipna)"
pandas/core/arrays/datetimelike.py,1632,"pandas.core.arrays.datetimelike$DatetimeLikeArrayMixin.mean(self,skipna)"
pandas/core/arrays/datetimelike.py,1633,"pandas.core.arrays.datetimelike$DatetimeLikeArrayMixin.mean(self,skipna)"
pandas/core/arrays/datetimelike.py,1634,"pandas.core.arrays.datetimelike$DatetimeLikeArrayMixin.mean(self,skipna)"
pandas/core/arrays/datetimelike.py,1635,"pandas.core.arrays.datetimelike$DatetimeLikeArrayMixin.mean(self,skipna)"
pandas/core/arrays/datetimelike.py,1636,"pandas.core.arrays.datetimelike$DatetimeLikeArrayMixin.mean(self,skipna)"
pandas/core/arrays/datetimelike.py,1637,"pandas.core.arrays.datetimelike$DatetimeLikeArrayMixin.mean(self,skipna)"
pandas/core/arrays/datetimelike.py,1638,"pandas.core.arrays.datetimelike$DatetimeLikeArrayMixin.mean(self,skipna)"
pandas/core/arrays/datetimelike.py,1639,
pandas/core/arrays/datetimelike.py,1640,
pandas/core/arrays/datetimelike.py,1641,
pandas/core/arrays/datetimelike.py,1642,
pandas/core/arrays/datetimelike.py,1643,
pandas/core/arrays/datetimelike.py,1644,
pandas/core/arrays/datetimelike.py,1645,
pandas/core/arrays/datetimelike.py,1646,
pandas/core/arrays/datetimelike.py,1647,pandas.core.arrays.datetimelike$validate_periods(periods)
pandas/core/arrays/datetimelike.py,1648,pandas.core.arrays.datetimelike$validate_periods(periods)
pandas/core/arrays/datetimelike.py,1649,pandas.core.arrays.datetimelike$validate_periods(periods)
pandas/core/arrays/datetimelike.py,1650,pandas.core.arrays.datetimelike$validate_periods(periods)
pandas/core/arrays/datetimelike.py,1651,pandas.core.arrays.datetimelike$validate_periods(periods)
pandas/core/arrays/datetimelike.py,1652,pandas.core.arrays.datetimelike$validate_periods(periods)
pandas/core/arrays/datetimelike.py,1653,pandas.core.arrays.datetimelike$validate_periods(periods)
pandas/core/arrays/datetimelike.py,1654,pandas.core.arrays.datetimelike$validate_periods(periods)
pandas/core/arrays/datetimelike.py,1655,pandas.core.arrays.datetimelike$validate_periods(periods)
pandas/core/arrays/datetimelike.py,1656,pandas.core.arrays.datetimelike$validate_periods(periods)
pandas/core/arrays/datetimelike.py,1657,pandas.core.arrays.datetimelike$validate_periods(periods)
pandas/core/arrays/datetimelike.py,1658,pandas.core.arrays.datetimelike$validate_periods(periods)
pandas/core/arrays/datetimelike.py,1659,pandas.core.arrays.datetimelike$validate_periods(periods)
pandas/core/arrays/datetimelike.py,1660,pandas.core.arrays.datetimelike$validate_periods(periods)
pandas/core/arrays/datetimelike.py,1661,pandas.core.arrays.datetimelike$validate_periods(periods)
pandas/core/arrays/datetimelike.py,1662,pandas.core.arrays.datetimelike$validate_periods(periods)
pandas/core/arrays/datetimelike.py,1663,pandas.core.arrays.datetimelike$validate_periods(periods)
pandas/core/arrays/datetimelike.py,1664,pandas.core.arrays.datetimelike$validate_periods(periods)
pandas/core/arrays/datetimelike.py,1665,pandas.core.arrays.datetimelike$validate_periods(periods)
pandas/core/arrays/datetimelike.py,1666,pandas.core.arrays.datetimelike$validate_periods(periods)
pandas/core/arrays/datetimelike.py,1667,pandas.core.arrays.datetimelike$validate_periods(periods)
pandas/core/arrays/datetimelike.py,1668,pandas.core.arrays.datetimelike$validate_periods(periods)
pandas/core/arrays/datetimelike.py,1669,pandas.core.arrays.datetimelike$validate_periods(periods)
pandas/core/arrays/datetimelike.py,1670,pandas.core.arrays.datetimelike$validate_periods(periods)
pandas/core/arrays/datetimelike.py,1671,
pandas/core/arrays/datetimelike.py,1672,
pandas/core/arrays/datetimelike.py,1673,pandas.core.arrays.datetimelike$validate_endpoints(closed)
pandas/core/arrays/datetimelike.py,1674,pandas.core.arrays.datetimelike$validate_endpoints(closed)
pandas/core/arrays/datetimelike.py,1675,pandas.core.arrays.datetimelike$validate_endpoints(closed)
pandas/core/arrays/datetimelike.py,1676,pandas.core.arrays.datetimelike$validate_endpoints(closed)
pandas/core/arrays/datetimelike.py,1677,pandas.core.arrays.datetimelike$validate_endpoints(closed)
pandas/core/arrays/datetimelike.py,1678,pandas.core.arrays.datetimelike$validate_endpoints(closed)
pandas/core/arrays/datetimelike.py,1679,pandas.core.arrays.datetimelike$validate_endpoints(closed)
pandas/core/arrays/datetimelike.py,1680,pandas.core.arrays.datetimelike$validate_endpoints(closed)
pandas/core/arrays/datetimelike.py,1681,pandas.core.arrays.datetimelike$validate_endpoints(closed)
pandas/core/arrays/datetimelike.py,1682,pandas.core.arrays.datetimelike$validate_endpoints(closed)
pandas/core/arrays/datetimelike.py,1683,pandas.core.arrays.datetimelike$validate_endpoints(closed)
pandas/core/arrays/datetimelike.py,1684,pandas.core.arrays.datetimelike$validate_endpoints(closed)
pandas/core/arrays/datetimelike.py,1685,pandas.core.arrays.datetimelike$validate_endpoints(closed)
pandas/core/arrays/datetimelike.py,1686,pandas.core.arrays.datetimelike$validate_endpoints(closed)
pandas/core/arrays/datetimelike.py,1687,pandas.core.arrays.datetimelike$validate_endpoints(closed)
pandas/core/arrays/datetimelike.py,1688,pandas.core.arrays.datetimelike$validate_endpoints(closed)
pandas/core/arrays/datetimelike.py,1689,pandas.core.arrays.datetimelike$validate_endpoints(closed)
pandas/core/arrays/datetimelike.py,1690,pandas.core.arrays.datetimelike$validate_endpoints(closed)
pandas/core/arrays/datetimelike.py,1691,pandas.core.arrays.datetimelike$validate_endpoints(closed)
pandas/core/arrays/datetimelike.py,1692,pandas.core.arrays.datetimelike$validate_endpoints(closed)
pandas/core/arrays/datetimelike.py,1693,pandas.core.arrays.datetimelike$validate_endpoints(closed)
pandas/core/arrays/datetimelike.py,1694,pandas.core.arrays.datetimelike$validate_endpoints(closed)
pandas/core/arrays/datetimelike.py,1695,pandas.core.arrays.datetimelike$validate_endpoints(closed)
pandas/core/arrays/datetimelike.py,1696,pandas.core.arrays.datetimelike$validate_endpoints(closed)
pandas/core/arrays/datetimelike.py,1697,pandas.core.arrays.datetimelike$validate_endpoints(closed)
pandas/core/arrays/datetimelike.py,1698,pandas.core.arrays.datetimelike$validate_endpoints(closed)
pandas/core/arrays/datetimelike.py,1699,pandas.core.arrays.datetimelike$validate_endpoints(closed)
pandas/core/arrays/datetimelike.py,1700,pandas.core.arrays.datetimelike$validate_endpoints(closed)
pandas/core/arrays/datetimelike.py,1701,pandas.core.arrays.datetimelike$validate_endpoints(closed)
pandas/core/arrays/datetimelike.py,1702,pandas.core.arrays.datetimelike$validate_endpoints(closed)
pandas/core/arrays/datetimelike.py,1703,pandas.core.arrays.datetimelike$validate_endpoints(closed)
pandas/core/arrays/datetimelike.py,1704,
pandas/core/arrays/datetimelike.py,1705,
pandas/core/arrays/datetimelike.py,1706,"pandas.core.arrays.datetimelike$validate_inferred_freq(freq,inferred_freq,freq_infer)"
pandas/core/arrays/datetimelike.py,1707,"pandas.core.arrays.datetimelike$validate_inferred_freq(freq,inferred_freq,freq_infer)"
pandas/core/arrays/datetimelike.py,1708,"pandas.core.arrays.datetimelike$validate_inferred_freq(freq,inferred_freq,freq_infer)"
pandas/core/arrays/datetimelike.py,1709,"pandas.core.arrays.datetimelike$validate_inferred_freq(freq,inferred_freq,freq_infer)"
pandas/core/arrays/datetimelike.py,1710,"pandas.core.arrays.datetimelike$validate_inferred_freq(freq,inferred_freq,freq_infer)"
pandas/core/arrays/datetimelike.py,1711,"pandas.core.arrays.datetimelike$validate_inferred_freq(freq,inferred_freq,freq_infer)"
pandas/core/arrays/datetimelike.py,1712,"pandas.core.arrays.datetimelike$validate_inferred_freq(freq,inferred_freq,freq_infer)"
pandas/core/arrays/datetimelike.py,1713,"pandas.core.arrays.datetimelike$validate_inferred_freq(freq,inferred_freq,freq_infer)"
pandas/core/arrays/datetimelike.py,1714,"pandas.core.arrays.datetimelike$validate_inferred_freq(freq,inferred_freq,freq_infer)"
pandas/core/arrays/datetimelike.py,1715,"pandas.core.arrays.datetimelike$validate_inferred_freq(freq,inferred_freq,freq_infer)"
pandas/core/arrays/datetimelike.py,1716,"pandas.core.arrays.datetimelike$validate_inferred_freq(freq,inferred_freq,freq_infer)"
pandas/core/arrays/datetimelike.py,1717,"pandas.core.arrays.datetimelike$validate_inferred_freq(freq,inferred_freq,freq_infer)"
pandas/core/arrays/datetimelike.py,1718,"pandas.core.arrays.datetimelike$validate_inferred_freq(freq,inferred_freq,freq_infer)"
pandas/core/arrays/datetimelike.py,1719,"pandas.core.arrays.datetimelike$validate_inferred_freq(freq,inferred_freq,freq_infer)"
pandas/core/arrays/datetimelike.py,1720,"pandas.core.arrays.datetimelike$validate_inferred_freq(freq,inferred_freq,freq_infer)"
pandas/core/arrays/datetimelike.py,1721,"pandas.core.arrays.datetimelike$validate_inferred_freq(freq,inferred_freq,freq_infer)"
pandas/core/arrays/datetimelike.py,1722,"pandas.core.arrays.datetimelike$validate_inferred_freq(freq,inferred_freq,freq_infer)"
pandas/core/arrays/datetimelike.py,1723,"pandas.core.arrays.datetimelike$validate_inferred_freq(freq,inferred_freq,freq_infer)"
pandas/core/arrays/datetimelike.py,1724,"pandas.core.arrays.datetimelike$validate_inferred_freq(freq,inferred_freq,freq_infer)"
pandas/core/arrays/datetimelike.py,1725,"pandas.core.arrays.datetimelike$validate_inferred_freq(freq,inferred_freq,freq_infer)"
pandas/core/arrays/datetimelike.py,1726,"pandas.core.arrays.datetimelike$validate_inferred_freq(freq,inferred_freq,freq_infer)"
pandas/core/arrays/datetimelike.py,1727,"pandas.core.arrays.datetimelike$validate_inferred_freq(freq,inferred_freq,freq_infer)"
pandas/core/arrays/datetimelike.py,1728,"pandas.core.arrays.datetimelike$validate_inferred_freq(freq,inferred_freq,freq_infer)"
pandas/core/arrays/datetimelike.py,1729,"pandas.core.arrays.datetimelike$validate_inferred_freq(freq,inferred_freq,freq_infer)"
pandas/core/arrays/datetimelike.py,1730,"pandas.core.arrays.datetimelike$validate_inferred_freq(freq,inferred_freq,freq_infer)"
pandas/core/arrays/datetimelike.py,1731,"pandas.core.arrays.datetimelike$validate_inferred_freq(freq,inferred_freq,freq_infer)"
pandas/core/arrays/datetimelike.py,1732,"pandas.core.arrays.datetimelike$validate_inferred_freq(freq,inferred_freq,freq_infer)"
pandas/core/arrays/datetimelike.py,1733,"pandas.core.arrays.datetimelike$validate_inferred_freq(freq,inferred_freq,freq_infer)"
pandas/core/arrays/datetimelike.py,1734,"pandas.core.arrays.datetimelike$validate_inferred_freq(freq,inferred_freq,freq_infer)"
pandas/core/arrays/datetimelike.py,1735,"pandas.core.arrays.datetimelike$validate_inferred_freq(freq,inferred_freq,freq_infer)"
pandas/core/arrays/datetimelike.py,1736,"pandas.core.arrays.datetimelike$validate_inferred_freq(freq,inferred_freq,freq_infer)"
pandas/core/arrays/datetimelike.py,1737,"pandas.core.arrays.datetimelike$validate_inferred_freq(freq,inferred_freq,freq_infer)"
pandas/core/arrays/datetimelike.py,1738,"pandas.core.arrays.datetimelike$validate_inferred_freq(freq,inferred_freq,freq_infer)"
pandas/core/arrays/datetimelike.py,1741,pandas.core.arrays.datetimelike$maybe_infer_freq(freq)
pandas/core/arrays/datetimelike.py,1742,pandas.core.arrays.datetimelike$maybe_infer_freq(freq)
pandas/core/arrays/datetimelike.py,1743,pandas.core.arrays.datetimelike$maybe_infer_freq(freq)
pandas/core/arrays/datetimelike.py,1744,pandas.core.arrays.datetimelike$maybe_infer_freq(freq)
pandas/core/arrays/datetimelike.py,1745,pandas.core.arrays.datetimelike$maybe_infer_freq(freq)
pandas/core/arrays/datetimelike.py,1746,pandas.core.arrays.datetimelike$maybe_infer_freq(freq)
pandas/core/arrays/datetimelike.py,1747,pandas.core.arrays.datetimelike$maybe_infer_freq(freq)
pandas/core/arrays/datetimelike.py,1748,pandas.core.arrays.datetimelike$maybe_infer_freq(freq)
pandas/core/arrays/datetimelike.py,1749,pandas.core.arrays.datetimelike$maybe_infer_freq(freq)
pandas/core/arrays/datetimelike.py,1750,pandas.core.arrays.datetimelike$maybe_infer_freq(freq)
pandas/core/arrays/datetimelike.py,1751,pandas.core.arrays.datetimelike$maybe_infer_freq(freq)
pandas/core/arrays/datetimelike.py,1752,pandas.core.arrays.datetimelike$maybe_infer_freq(freq)
pandas/core/arrays/datetimelike.py,1753,pandas.core.arrays.datetimelike$maybe_infer_freq(freq)
pandas/core/arrays/datetimelike.py,1754,pandas.core.arrays.datetimelike$maybe_infer_freq(freq)
pandas/core/arrays/datetimelike.py,1755,pandas.core.arrays.datetimelike$maybe_infer_freq(freq)
pandas/core/arrays/datetimelike.py,1756,pandas.core.arrays.datetimelike$maybe_infer_freq(freq)
pandas/core/arrays/datetimelike.py,1757,pandas.core.arrays.datetimelike$maybe_infer_freq(freq)
pandas/core/arrays/datetimelike.py,1758,pandas.core.arrays.datetimelike$maybe_infer_freq(freq)
pandas/core/arrays/datetimelike.py,1759,pandas.core.arrays.datetimelike$maybe_infer_freq(freq)
pandas/core/arrays/datetimelike.py,1760,pandas.core.arrays.datetimelike$maybe_infer_freq(freq)
pandas/core/arrays/datetimelike.py,1761,pandas.core.arrays.datetimelike$maybe_infer_freq(freq)
pandas/core/arrays/datetimelike.py,1762,pandas.core.arrays.datetimelike$maybe_infer_freq(freq)
pandas/core/arrays/datetimelike.py,1763,pandas.core.arrays.datetimelike$maybe_infer_freq(freq)
pandas/core/arrays/datetimelike.py,1764,pandas.core.arrays.datetimelike$maybe_infer_freq(freq)
pandas/core/arrays/datetimelike.py,1765,pandas.core.arrays.datetimelike$maybe_infer_freq(freq)
pandas/core/arrays/datetimelike.py,1766,pandas.core.arrays.datetimelike$maybe_infer_freq(freq)
pandas/tests/indexes/timedeltas/test_timedelta.py,47,
